3/24,NPC: Achieve Master
3/26,NPC: Unity Master
147/4,NPC: Riche
147/5,NPC: Roi
3/56,NPC: Moogle
3/114,NPC: Guilloud
3/60,NPC: Chocobo
3/59,NPC: Ramblix
317/118,NPC: Logging Point
326/27,NPC: Ethereal Junction
308/91,NPC: Survival Guide
6/8,NPC: TAKARA_GOB_NPC
5/0,NPC: 
172/73,NPC: ??? Warmachine
5/79,NPC: Tori01
7/107,NPC: Rhalo Davigoh
3/0/65,NPC: Makki-Chebukki
3/0/64,NPC: Kukki-Chebukki
3/0/63,NPC: Cherukiki
263/55,NPC: Planar Rift
241/93,NPC: Riftworn Pyxis
6/95,NPC: Buffalostalker Dodzbraz
3/25,NPC: Home Point #1
92/101,NPC: Armoury Crate
3/5/112,NPC: Prishe
3/3/93,NPC: Ulmia
3/5/110,NPC: 
188/70,NPC: NPC
3/7/93,NPC: 
317/119,NPC: Excavation Point
317/117,NPC: Harvesting Point
156/16,NPC: ???
258/58,NPC: 
3/8/28,NPC: Prishe
3/3/95,NPC: Selh'teus
286/96,NPC: Tenzen
3/5/107,NPC: Nag'molada
3/5/111,NPC: 
3/5/23,NPC: 
3/5/106,NPC: Esha'ntarl
97/67,NPC: Fenrir
3/10/99,NPC: 
3/10/101,NPC: 
3/10/102,NPC: 
3/10/100,NPC: 
3/10/98,NPC: 
8/113,NPC: Treasure Chest
3/3/94,NPC: Prishe
259/14,NPC: Diabolos
146/109,NPC: Tarnotik
146/111,NPC: Brakobrik
92/102,NPC: ???
146/110,NPC: Zeelozok
7/95,NPC: 
7/96,NPC: 
7/97,NPC: 
7/98,NPC: 
155/103,NPC: Twinkbrix
3/7/69,NPC: 5
3/7/71,NPC: 6
3/7/78,NPC: 7
287/125,NPC: 8
7/7,NPC: Gu'Zho Thunderblade
261/44,NPC: Goblin Preceptor
3/7/77,NPC: Mighty Minded Generajiq
131/7,NPC: Choplix Limblopper
3/5/97,NPC: 
261/56,NPC: 
328/77,NPC: Iroha
320/102,NPC: Atomos
159/41,NPC: Fenrir
335/66,NPC: Balamor
4/12/119,NPC: Odin
136/12,NPC: 
313/37,NPC: 
247/22,NPC: 
220/41,NPC: Sturdy Pyxis
174/64,NPC: Sturdy Pyxis
240/111,NPC: Veridical Conflux #01
5/8/98,NPC: KS-01 Martello
250/54,NPC: Cavernous Maw
5/8/82,NPC: 
149/96,NPC: Naji
218/92,NPC: Repair Trunk
202/44,NPC: Resistance Fighter
3/2,NPC: Resistance Fighter
5/48,NPC: 
152/125,NPC: 
288/85,NPC: Resistance Fighter
245/35,NPC: 
4/113,NPC: 
3/84,NPC: Offa
3/5/27,NPC: 
151/84,NPC: Enigmatic Sphere
3/8/19,NPC: Yve'noile
3/8/20,NPC: Miko_A
3/5/117,NPC: Prishe
3/35,NPC: Eald'narche
3/5/28,NPC: 
3/5/29,NPC: 
3/5/30,NPC: 
3/57,NPC: KODAI01
3/8/21,NPC: Grav'iton
3/10/103,NPC: KODAI10
146/71,NPC: 
261/57,NPC: Prishe
333/35,NPC: Undulating Confluence
165/117,NPC: 
5/17,NPC: 
119/80,NPC: Latteaune
3/3/96,NPC: Despachiaire
3/76,NPC: Odeya
3/3/98,NPC: Equette
8/26,NPC: Elysia
142/102,NPC: Nomad Moogle
3/5/115,NPC: Komalata
3/3/97,NPC: Caiphimonride
3/74,NPC: Migran
3/118,NPC: Havillione
3/113,NPC: Geuselibel
3/117,NPC: Risunela
7/90,NPC: Aligi-Kufongi
3/79,NPC: Jonette
3/70,NPC: Kokila
3/5/109,NPC: Nery
3/73,NPC: Dominec
230/105,NPC: Hunt Registry
3/42,NPC: Muchavatte
3/108,NPC: Chasalvige
3/109,NPC: Halaviabeau
3/8/27,NPC: Bahamut
249/54,NPC: 22222222
259/12,NPC: 33333333
146/70,NPC: 44444444
172/74,NPC: 55555555
3/8/29,NPC: Bahamut
3/9/81,NPC: 
3/9/83,NPC: 
119/81,NPC: Jovial Rat
3/37,NPC: Cid
197/87,NPC: Resume Point
151/28,NPC: Nag'molada
151/29,NPC: 
151/30,NPC: 
3/10/30,NPC: Promathia
156/110,NPC: Quasilumin
3/36,NPC: ???
3/8/26,NPC: mithra
3/8/23,NPC: elv
3/8/24,NPC: hume
3/8/25,NPC: taru
3/8/22,NPC: garu
262/101,NPC: Quasilumin
152/61,NPC: Selh'teus
258/62,NPC: 
3/10/29,NPC: 
154/94,NPC: 
154/108,NPC: 
154/109,NPC: 
154/110,NPC: 
154/111,NPC: 
155/31,NPC: 
156/50,NPC: Selh'teus
3/10/31,NPC: Promathia
3/10/32,NPC: Promathia
3/52,NPC: Aldo
7/111,NPC: Zeid
3/34,NPC: Lion
159/82,NPC: Eald'narche
159/83,NPC: Kam'lanaut
7/81,NPC: Shadow Lord
3/8/9,NPC: 
3/5/53,NPC: 
3/8/14,NPC: 
157/56,NPC: Dimensional Portal
328/78,NPC: ???
154/107,NPC: Rook
4/10,NPC: Apururu
4/24,NPC: Diegai
4/20,NPC: Baladanzo
5/8/71,NPC: 
7/99,NPC: Cha Lebagta
5/8/83,NPC: 
4/98,NPC: Two of Diamonds
172/72,NPC: 
306/65,NPC: 
241/87,NPC: 
245/36,NPC: 
4/69,NPC: Adeben
189/39,NPC: Chochoroon
4/11/127,NPC: 
4/11/125,NPC: 
4/11/124,NPC: 
4/11/126,NPC: 
301/95,NPC: 
4/12/77,NPC: 
4/12/85,NPC: 
259/11,NPC: 
310/37,NPC: 
4/13/2,NPC: Gulool Ja Ja
4/13/6,NPC: Gurfurlur
4/13/4,NPC: Medusa
165/114,NPC: Megomak
3/67,NPC: Gameem
4/2/10,NPC: Truffle
3/115,NPC: Sujyahn
8/29,NPC: Danaaba
4/100,NPC: Gavrie
4/101,NPC: Mulnith
165/88,NPC: Petrino
8/2,NPC: Hamnahb
8/1,NPC: Zaranf
7/82,NPC: Nijaom
3/72,NPC: Zubyahn
4/4,NPC: Amajal
8/30,NPC: Mariyaam
4/2/6,NPC: Naja Salaheem
4/2/12,NPC: Ghatsad
4/1/108,NPC: 
4/2/7,NPC: Razfahd
4/2/21,NPC: Mnejing
4/2/15,NPC: Ovjang
4/2/14,NPC: Aphmau
4/2/16,NPC: Aphmau
4/2/64,NPC: Nashmeira
4/2/5,NPC: Raillefal
4/2/8,NPC: Gessho
3/4,NPC: 
239/127,NPC: Odin
4/1/117,NPC: 
258/93,NPC: 
7/121,NPC: King of Hearts
4/2/24,NPC: Naja Salaheem
4/2/20,NPC: Luzaf
4/12/60,NPC: Flit
4/1/118,NPC: 
240/56,NPC: 
4/1/121,NPC: 
4/1/123,NPC: 
3/55,NPC: Volker
4/2/62,NPC: 
4/12/122,NPC: Alexander
4/1/124,NPC: 
4/28,NPC: Ahkk Jharcham
3/28,NPC: 
97/73,NPC: 
8/28,NPC: Mushayra
8/7,NPC: Adahva
258/88,NPC: 
258/96,NPC: 
3/92,NPC: Nateeyu
4/2/55,NPC: 
4/2/54,NPC: 
6/78,NPC: 
6/76,NPC: 
4/2/9,NPC: Wasuhd
4/2/53,NPC: Liliroon
4/2/17,NPC: Ohsi Shomahl
4/2/58,NPC: Koja Salaheem
173/91,NPC: BomePC
5/54,NPC: PC B
5/28,NPC: PC C
249/51,NPC: PC G
168/22,NPC: 
4/12/109,NPC: 
4/12/110,NPC: 
5/3,NPC: 
172/70,NPC: 
262/29,NPC: 
4/6/52,NPC: 
216/7,NPC: 
216/8,NPC: 
4/2/61,NPC: Razfahd
249/64,NPC: 
4/2/59,NPC: 
4/12/99,NPC: 
301/113,NPC: 
7/108,NPC: 
156/121,NPC: Mamuuja
216/1,NPC: 
4/7/118,NPC: 
3/120,NPC: Guhyun
3/85,NPC: Habadim
156/84,NPC: 
7/104,NPC: Rapipi
258/91,NPC: Kakkarroon2
4/2/18,NPC: Zweeha
4/2/13,NPC: Qultada
131/1,NPC: Gessho
4/1/109,NPC: Bridge Switch
4/2/65,NPC: 
6/72,NPC: yagu1
6/85,NPC: yagu2
6/74,NPC: yagu6
3/96,NPC: Whyjham
250/64,NPC: Kimaira
4/2/56,NPC: Gaheel Ja
157/123,NPC: Ratol Ja
4/2/57,NPC: 
4/12/96,NPC: 
370/89,NPC: Sikool Ja
370/37,NPC: Awoken Vampyr Jarl
5/33,NPC: Vampyr Wolf
4/104,NPC: Vampyr Bats
370/88,NPC: 
3/64,NPC: Markovich
3/39,NPC: Pieuje
3/112,NPC: 
3/80,NPC: 
204/0,NPC: 
3/27,NPC: ???
302/65,NPC: Greeter Moogle
7/0/13,NPC: 
363/109,NPC: Mandragora Assistant
4/2/19,NPC: 
249/65,NPC: 
4/12/92,NPC: Amnaf
258/99,NPC: 
240/0,NPC: Odin
4/1/107,NPC: 
4/12/123,NPC: Alexander
337/33,NPC: 
184/21,NPC: Armoury Crate
3/38,NPC: Trion
3/48,NPC: Ajido-Marujido
3/43,NPC: Curilla
286/100,NPC: Lehko Habhoka
286/98,NPC: Excenmille
286/99,NPC: Klara
3/53,NPC: Verena
3/44,NPC: Cornelia
286/106,NPC: Cait Sith
4/2/23,NPC: Ahgdeen
4/2/22,NPC: Basweema
3/100,NPC: Maat
5/8/81,NPC: 
5/8/84,NPC: 
4/1,NPC: Exoroche
4/0,NPC: Antreneau
3/41,NPC: Destin
3/49,NPC: Star Sibyl
5/6/48,NPC: PV_mob
5/6/21,NPC: 
5/8/31,NPC: Rholont
5/8/30,NPC: Rahal
6/106,NPC: Orcish Captive
5/8/33,NPC: Altennia
7/65,NPC: Count Bifrons
5/8/58,NPC: Cyranuce
5/8/50,NPC: Lilisette
5/8/26,NPC: Cait Sith
5/8/53,NPC: 
7/116,NPC: 
5/8/67,NPC: Noillurie
5/8/60,NPC: Lady Lilith
5/8/49,NPC: Aquila
5/8/48,NPC: Haudrale
5/8/70,NPC: Larzos
314/83,NPC: Kiokudama
223/7,NPC: Akadaemon
202/46,NPC: 
7/18,NPC: 
8/21,NPC: Thirkell
267/87,NPC: 
5/36,NPC: 
220/40,NPC: Treasure Coffer
5/8/85,NPC: Allied Ensign
5/8/63,NPC: Royal Provisioner
197/76,NPC: Watchful Pixie
3/29,NPC: Telepoint
6/115,NPC: 
5/6/9,NPC: Fingerfilcher Dradzad
130/109,NPC: Buchzvotch
6/96,NPC: Rivetpounder Mekglok
130/112,NPC: Riftborer Verokgok
6/116,NPC: Silvertongue Gnashrosh
5/6/15,NPC: 
5/52,NPC: 
5/23,NPC: 
97/82,NPC: Gigas
5/8/87,NPC: Beastman Ensign
6/94,NPC: 
97/85,NPC: Klythios
221/127,NPC: Leadavox
5/8/23,NPC: Volker
4/107,NPC: medama1
7/67,NPC: 
7/71,NPC: 
7/66,NPC: 
250/2,NPC: Lycopodium
217/60,NPC: Kam'lanaut
5/6/99,NPC: 
203/121,NPC: 
5/6/23,NPC: Nanto2
191/4,NPC: Cavernous Maw
5/62,NPC: Galarhigg
5/8/51,NPC: Hauramus
5/8/52,NPC: Eusmard
7/64,NPC: Demon Ken
7/76,NPC: Demon Kama
7/79,NPC: Demon Tue
7/70,NPC: Demon Ken 2
7/69,NPC: Demon Kama 2
4/106,NPC: Eye 2
7/118,NPC: Dixon
7/119,NPC: 2
7/80,NPC: 
7/114,NPC: 
5/8/21,NPC: 
5/8/35,NPC: 
5/8/106,NPC: Switch
5/8/89,NPC: 
9/106,NPC: 
6/62,NPC: 
5/8/24,NPC: Gumbah
152/5,NPC: 
4/26,NPC: Pagdako
7/91,NPC: Bhio Fehriata
202/47,NPC: 
5/8/43,NPC: 
5/8/55,NPC: 
5/8/56,NPC: 
5/8/57,NPC: 
3/122,NPC: 
5/7/13,NPC: 
119/78,NPC: 
6/12,NPC: Bumblix
5/126,NPC: Dawdlix
5/121,NPC: Driftlix
8/19,NPC: Keenan
3/75,NPC: Shenni
5/6/89,NPC: 
4/125,NPC: Abenzio
5/42,NPC: Bryher
5/38,NPC: Camlin
5/46,NPC: Darach
5/8/64,NPC: Republic Supplier
5/9/47,NPC: 
202/45,NPC: 
6/126,NPC: Quadav Leader
6/127,NPC: Quadav001
168/21,NPC: 
5/8/92,NPC: Veridical Conflux
335/81,NPC: 
172/66,NPC: Time Bomb
4/127,NPC: 1
286/97,NPC: Lilisette
5/7/4,NPC: Cait Sith Ceithir
5/7/1,NPC: Atomos
4/18,NPC: Kipopo
4/8,NPC: Upital-Lupital
4/92,NPC: Ozzmo-Mazmo
4/12,NPC: Kopol-Rapol
4/13,NPC: Ampiro-Mapiro
4/17,NPC: Parukoko
5/8/22,NPC: Ajido-Marujido
5/8/59,NPC: Naho Gwanboh
3/51,NPC: Two of Cups
119/77,NPC: Tzee Xicu the Manifest
131/2,NPC: 02
5/6/49,NPC: 04
97/64,NPC: 
5/8/77,NPC: Karaha-Baruha
97/86,NPC: Carbuncle
8/22,NPC: Scotwick
4/16,NPC: 15
225/5,NPC: 00
5/8/75,NPC: Nhev Befrathi
4/14,NPC: taru1
5/9/43,NPC: imp02
5/8/38,NPC: M01
5/8/36,NPC: M02
5/8/39,NPC: M03
5/7/10,NPC: 
259/35,NPC: 
5/8/34,NPC: 
5/8/62,NPC: Federation Dispenser
148/69,NPC: Darach
225/11,NPC: 
5/6/55,NPC: Y01
5/6/52,NPC: Y04
5/6/12,NPC: test_orc01
130/113,NPC: test_orc02
5/8/44,NPC: 
259/36,NPC: Portia
3/5/113,NPC: 
5/8/90,NPC: Ethereal Spout
6/82,NPC: Kaa Toru the Just
5/7/32,NPC: Lehko Habhoka
5/9/42,NPC: Imp
217/32,NPC: Field Manual
142/93,NPC: 
309/5,NPC: Spriggan Sifter
313/67,NPC: Spriggan Crier
313/68,NPC: Spriggan Graverobber
3/104,NPC: Andelain
309/4,NPC: Slabble
142/100,NPC: Shattered Telepoint
4/96,NPC: Nanaa Mihgo
3/62,NPC: 
3/61,NPC: 
142/99,NPC: Carbuncle
222/16,NPC: Mog-Tablet
97/68,NPC: Ifrit
97/72,NPC: Shiva
97/69,NPC: Titan
97/71,NPC: Garuda
97/70,NPC: Leviathan
158/9,NPC: 
6/98,NPC: Orcish Fighter
136/9,NPC: Rook
4/95,NPC: Semih Lafihna
7/87,NPC: Monberaux
280/7,NPC: Wotark
218/108,NPC: Dungeon_Entrance
351/106,NPC: NPC
311/39,NPC: Raptor's Food
5/7,NPC: Raptor
6/14,NPC: Gambilox Wanderling
6/1,NPC: Saltvix
6/5,NPC: Grasswix
92/103,NPC: DEBUG_ACTOR
191/5,NPC: Cavernous Maw
148/106,NPC: Goblin Rider
136/10,NPC: Rook
306/52,NPC: Odyssean Passage
7/0/12,NPC: Stooge Moogle
5/117,NPC: Goblin Grenadier
97/58,NPC: Element
97/74,NPC: 
136/11,NPC: Rook
8/16,NPC: Kasim
5/9,NPC: ScenarioBoss
3/47,NPC: 
4/112,NPC: 1
5/60,NPC: OpoopoA
328/79,NPC: Siren
334/2,NPC: 
7/56,NPC: 
6/0/11,NPC: Young Aldo
302/91,NPC: Seed Mandragora
328/85,NPC: 
7/117,NPC: Louis
5/27,NPC: 
5/40,NPC: 
97/84,NPC: Scraggy Gigas
5/8/68,NPC: hei09
130/110,NPC: onoA
5/8/73,NPC: Gyari1
5/8/74,NPC: Gken1
5/7/7,NPC: sensya
5/8/72,NPC: ???
5/8/69,NPC: Ironcretht Hawk 01
5/7/17,NPC: Shadow Lord
239/65,NPC: Kupofried
241/94,NPC: Volker
5/8/78,NPC: Zeid
172/67,NPC: thubu01
6/111,NPC: Darokbok of Clan Reaper
9/6,NPC: Ropchop
97/81,NPC: 
3/16,NPC: Vaseradoul
130/120,NPC: kyo
130/119,NPC: isi1
7/68,NPC: Onki
6/70,NPC: Laa Mozi
6/125,NPC: Ge'Fhu Yagudoeye
3/126,NPC: Ulrich
7/3,NPC: Quadav
8/110,NPC: Raogrimm
3/86,NPC: Blamor
130/117,NPC: Da'Vhu Deadeye
7/16,NPC: 
7/85,NPC: Zantaviat
3/40,NPC: 
6/73,NPC: Loo Kohor
9/14,NPC: Orcish Overlord
3/123,NPC: Ajido-Marujido
6/92,NPC: 
6/91,NPC: 
8/75,NPC: Karaha-Baruha
6/93,NPC: Yagudo Avatar
3/10,NPC: 
4/9,NPC: Zonpa-Zippa
212/44,NPC: 
223/9,NPC: Marquis Amon
6/0/18,NPC: Seed Fragment
222/24,NPC: Seed Afterglow
97/88,NPC: Ranperre
2/16/13,NPC: Grav'iton
4/11,NPC: Rukususu
2/16/27,NPC: KODAI01
2/16/30,NPC: KODAI02
2/16/29,NPC: KODAI04
2/16/32,NPC: KODAI05
2/16/28,NPC: KODAI06
2/22/39,NPC: Chef Nonberry
5/1,NPC: DEBUG:GOLEM
286/95,NPC: Yve'noile
2/23/61,NPC: Maiden01
2/23/67,NPC: Maiden02
2/23/69,NPC: Zilart02
2/23/68,NPC: Zilart03
2/23/70,NPC: Zilart05
2/0/53,NPC: Zilart07
2/16/31,NPC: Kuluu05
190/125,NPC: Boodlix
7/122,NPC: Fondactiont
268/6,NPC: A
4/123,NPC: 
2/16/12,NPC: Illusory Image
2/23/62,NPC: MaidenFire
2/23/60,NPC: MaidenEarth
2/23/64,NPC: MaidenIce
2/23/65,NPC: MaidenWind
2/23/66,NPC: MaidenWater
2/23/63,NPC: MaidenThunder
2/16/15,NPC: Semih Lafihna
142/94,NPC: 
119/62,NPC: Shiva
119/58,NPC: Ifrit
119/63,NPC: Ramuh
119/61,NPC: Garuda
119/59,NPC: Titan
119/60,NPC: Leviathan
8/20,NPC: Tucker
8/107,NPC: 
2/22/100,NPC: 
2/23/6,NPC: 
2/22/124,NPC: 
184/118,NPC: Raigegue R d'Oraguille
159/26,NPC: 
2/23/19,NPC: Bou the Righteous
97/75,NPC: Kam'lanaut
2/16/14,NPC: ShadowLord
2/16/19,NPC: CrystalKnight
2/16/18,NPC: CrystalKnight
2/16/20,NPC: CrystalKnight
2/16/21,NPC: CrystalKnight
2/16/17,NPC: CrystalKnight
123/11,NPC: 
123/7,NPC: Eald'narche
123/10,NPC: Eald'narche
123/12,NPC: Eald'narche
123/8,NPC: 
359/26,NPC: NPC
5/8/93,NPC: 2322
238/59,NPC: Lady Lilith
5/7/35,NPC: Lilith Ascendant
5/7/34,NPC: Lady Lilith
320/79,NPC: Lilisette
5/59,NPC: 
3/69,NPC: 09
3/82,NPC: 13
3/88,NPC: 14
3/116,NPC: 17
8/108,NPC: 23
8/27,NPC: 28
6/66,NPC: 
3/127,NPC: Mashira
7/115,NPC: Zeid
125/75,NPC: Trion
6/109,NPC: Orcish WAR1
7/75,NPC: Vassago
214/5,NPC: Fore Trap
224/94,NPC: Shake
218/91,NPC: 
291/56,NPC: 
261/113,NPC: 
4/80,NPC: Mheca Khetashipah
267/58,NPC: Provenance Crystal
263/5,NPC: 
4/48,NPC: Orechiniel
7/101,NPC: Kipopo
4/63,NPC: Tek Lengyon
7/92,NPC: Hinaree
4/62,NPC: Dahjal
7/120,NPC: Mokop-Sankop
4/66,NPC: Cheh Raihah
4/51,NPC: Nalta
168/23,NPC: 
184/40,NPC: 
148/105,NPC: 
130/107,NPC: 
130/106,NPC: 
170/57,NPC: 
156/52,NPC: 
156/37,NPC: 
172/69,NPC: 
148/98,NPC: 
309/3,NPC: Horro
313/65,NPC: 
313/66,NPC: 
3/105,NPC: Arnau
3/106,NPC: Arnau
7/84,NPC: Morjean
4/53,NPC: Ulycille
4/47,NPC: Amarefice
4/50,NPC: Ramua
4/49,NPC: Greubaque
4/55,NPC: Pinok-Morok
7/113,NPC: Beadurinc
6/33,NPC: 
125/77,NPC: 
95/68,NPC: Ake
130/102,NPC: 
130/103,NPC: 
170/60,NPC: 
156/120,NPC: 
156/36,NPC: 
156/38,NPC: 
7/0/10,NPC: Diva
184/119,NPC: Ullegore
7/0/9,NPC: 
267/127,NPC: 
148/96,NPC: 
148/97,NPC: 
156/85,NPC: 
130/104,NPC: 
311/33,NPC: Mog Dinghy
7/86,NPC: 
6/110,NPC: 
6/118,NPC: 4
3/46,NPC: Gumbah
8/18,NPC: Wahid
4/77,NPC: Azima
4/72,NPC: Titus
4/75,NPC: Sieglinde
3/78,NPC: Griselda
4/27,NPC: Vaghron
3/68,NPC: Phara
4/25,NPC: Deidogg
8/109,NPC: Gwill
3/103,NPC: 
184/41,NPC: 
170/58,NPC: 
170/61,NPC: 
156/51,NPC: 
148/95,NPC: 
3/66,NPC: Domhnall
3/101,NPC: Fatimah
4/70,NPC: Wulfnoth
4/73,NPC: Ulrike
3/77,NPC: Mjoll
8/33,NPC: Hortense
8/34,NPC: Salimah
8/13,NPC: Sinon
3/125,NPC: Angelica
148/104,NPC: 
130/95,NPC: 
130/105,NPC: 
318/22,NPC: Chacharoon
156/33,NPC: 
156/35,NPC: 
148/93,NPC: 
3/71,NPC: Romilda
8/8,NPC: Tete
8/31,NPC: Benita
8/32,NPC: Hilda
8/14,NPC: Yazan
130/97,NPC: 
130/96,NPC: 
156/34,NPC: 
148/94,NPC: 
4/60,NPC: Wise Owl
4/68,NPC: Hugues
8/17,NPC: Olaf
3/124,NPC: Mukunda
3/65,NPC: Helmut
3/81,NPC: Franziska
3/45,NPC: Karst
4/93,NPC: Serukoko
4/91,NPC: Kerutoto
4/56,NPC: Kipo-Opo
4/46,NPC: Jacodaut
4/71,NPC: Hakeem
3/83,NPC: Zabirego-Hajigo
4/90,NPC: Moari-Kaaori
7/103,NPC: Yohra-Ora
4/19,NPC: Pichichi
142/101,NPC: 
130/98,NPC: 
130/99,NPC: 
170/59,NPC: 
156/40,NPC: 
170/62,NPC: 
156/53,NPC: 
148/100,NPC: 
156/86,NPC: 
4/97,NPC: Chawo Shipeynyo
4/94,NPC: Luuh Koplehn
4/79,NPC: Kaaya Majiad
7/102,NPC: Blank Card
4/78,NPC: Panja-Nanja
4/57,NPC: Erabu-Fumulubu
4/61,NPC: Degong
4/67,NPC: Mhe Quryobhi
4/15,NPC: Kohlo-Lakolo
7/100,NPC: Two of Swords
4/99,NPC: Blank Card
4/54,NPC: Terude-Harude
4/74,NPC: Anillah
4/58,NPC: Nikkoko
4/64,NPC: Lih Pituu
4/59,NPC: Ronana
4/65,NPC: Kyaa Taali
4/52,NPC: Sariale
7/105,NPC: Hae Jakkya
3/50,NPC: Perih Vashai
5/15,NPC: Dhahih
7/106,NPC: Wani Casdohry
184/42,NPC: 
148/103,NPC: 
130/100,NPC: 
130/101,NPC: 
156/39,NPC: 
148/99,NPC: 
3/30,NPC: ???
4/2/63,NPC: Mnejing
4/2/60,NPC: Ovjang
4/1/119,NPC: ???
4/1/122,NPC: 
257/71,NPC: Magian Moogle
128/80,NPC: Maat
259/0,NPC: Magian Moogle
288/107,NPC: Proto-Waypoint
3/63,NPC: Chocobo
7/89,NPC: Audia
191/3,NPC: Laila
191/2,NPC: Rhea Myuliah
191/1,NPC: Olgald
3/102,NPC: Pawkrix
320/34,NPC: Cassie
9/1/118,NPC: Cafe Maid
9/1/116,NPC: Cafe Maid
184/39,NPC: 
2/23/71,NPC: Nomad Moogle
268/10,NPC: Poko
5/19,NPC: Mee
2/16/10,NPC: Gilgamesh
162/48,NPC: Laughing Bison
95/69,NPC: Perih Vashai
2/0/52,NPC: Jakoh Wahcondalo
2/16/23,NPC: Etteh Sulaej
2/16/22,NPC: Mhebi Juhbily
4/109,NPC: 
7/88,NPC: Ludiault
261/112,NPC: 
261/114,NPC: 
261/110,NPC: Transcendental Radiance
9/2/50,NPC: 
9/2/51,NPC: 
9/1/101,NPC: Tiana
9/1/114,NPC: Lhe Lhangavo
9/1/110,NPC: Teodor
9/2/2,NPC: Ikhi Askamot
9/2/4,NPC: Ingrid
9/1/105,NPC: Vortimere
9/1/100,NPC: Arciela
9/1/109,NPC: Svenja
5/8,NPC: 
9/1/112,NPC: Berghent
9/1/121,NPC: Sebohl Reccohta
9/2/79,NPC: 
9/1/103,NPC: Melvien
9/2/68,NPC: 
9/1/106,NPC: Geosuke
258/89,NPC: Insidio
9/2/23,NPC: ???
9/1/120,NPC: Craggy Bluff
207/9,NPC: 
9/1/107,NPC: 
9/2/61,NPC: Augural Conveyor
9/0/58,NPC: 
9/2/59,NPC: 
9/1/104,NPC: 
9/7/77,NPC: 
291/54,NPC: Monster1
9/0/88,NPC: Monster2
9/2/9,NPC: Gramk-Droog
9/2/10,NPC: Mligni-Vorgut
9/2/69,NPC: 
9/2/98,NPC: 
9/2/102,NPC: Effigy of Sealing
9/2/99,NPC: ???
9/2/17,NPC: Hades
311/38,NPC: Kuyin Hathdenna
311/35,NPC: Susuroon
311/36,NPC: Kuyin Hathdenna
311/34,NPC: Susuroon
302/100,NPC: Crabauble
304/109,NPC: Crabauble
363/110,NPC: 
363/111,NPC: 
363/112,NPC: 
363/113,NPC: 
9/2/13,NPC: Morimar
9/2/8,NPC: Darrcuiln
9/1/102,NPC: Heartwing
313/36,NPC: 
288/111,NPC: Maccus
333/58,NPC: Eschan Portal #1
335/77,NPC: Siren Prime
258/122,NPC: Sempurne
341/100,NPC: Lion
341/101,NPC: Prishe
341/102,NPC: Nashmeira
341/103,NPC: Lilisette
341/104,NPC: Arciela
341/105,NPC: Aldo
341/106,NPC: Maat
341/107,NPC: Zeid
341/108,NPC: Volker
341/109,NPC: Trion
341/110,NPC: Curilla
341/111,NPC: Shantotto
341/112,NPC: Ajido-Marujido
341/113,NPC: Star Sibyl
341/114,NPC: Semih Lafihna
341/115,NPC: Gilgamesh
341/116,NPC: Ovjang
341/117,NPC: Mnejing
341/118,NPC: Luzaf
341/119,NPC: Ulmia
343/11,NPC: 
343/8,NPC: 
343/10,NPC: 
343/3,NPC: Iroha
343/4,NPC: Iroha
343/15,NPC: Ethereal Ingress #1
343/19,NPC: fep1
342/3,NPC: Selh'teus
7/12,MOB: AaBho_Slashburner
6/84,MOB: Aa_Nawu_the_Thunderblade
130/116,MOB: AaNyu_Dismantler
5/6/57,MOB: Aa_Xalmo_the_Savage
3/10/77,MOB: Absolute_Virtue
7/78,MOB: Abyssal_Demon
6/113,MOB: Abyssdweller_Jhabdebb
160/106,MOB: Abyssic_Cluster
165/118,MOB: Abyssobugard
2/23/49,MOB: Abyss_Sahagin
5/65,MOB: Abyss_Worm
249/53,MOB: Abxzomit
5/68,MOB: Ace_of_Batons
258/98,MOB: Achamoth
258/95,MOB: Acrolith
172/68,MOB: Acro_Bat
130/121,MOB: Adamantking_Effigy
136/13,MOB: Adamantoise
7/4,MOB: Adaman_Quadav
7/55,MOB: Adamastor
97/65,MOB: Aerns_Elemental
258/57,MOB: Aerns_Euvhi
3/10/27,MOB: Aerns_Wynav
185/4,MOB: Aestutaur
156/15,MOB: Aggressor_Antlion
224/22,MOB: Agloolik
249/58,MOB: Agonizer
203/122,MOB: Agrios
119/74,MOB: Aht_Urhgan_Attercop
5/73,MOB: Air_Elemental
5/56,MOB: Air_Pot
272/90,MOB: Ajattara
125/76,MOB: Ajido-Marujido
4/117,MOB: Akrab
259/3,MOB: Alfard
266/122,MOB: Alkonost
5/8/100,MOB: Allied_Armored_Belfry
258/87,MOB: Almighty_Apkallu
203/123,MOB: Almops
302/85,MOB: Alpha_Gnole_Anders
6/53,MOB: Altedour_I_Tavnazia
5/21,MOB: Amaltheia
250/62,MOB: Amarok
7/13,MOB: Amber_Quadav
5/13,MOB: Amemet
250/74,MOB: Amhuluk
222/119,MOB: Amphiptere
5/64,MOB: Amphisbaena
259/16,MOB: Amphitrite
4/121,MOB: Amuckatrice
119/75,MOB: Anansi
224/23,MOB: Anantaboga
172/71,MOB: Ancient_Bomb
160/107,MOB: Ancient_Bombs
258/90,MOB: Ancient_Orobon
6/124,MOB: Ancient_Quadav
9/121,MOB: Ancient_Royal_Knight
6/54,MOB: Ancient_Sorcerer
5/109,MOB: Ancient_Weapon
250/75,MOB: Anemic_Aloysius
239/72,MOB: Anguis
136/22,MOB: Animated_Claymore
136/17,MOB: Animated_Dagger
136/21,MOB: Animated_Great_Axe
136/28,MOB: Animated_Gun
136/20,MOB: Animated_Hammer
136/29,MOB: Animated_Horn
136/16,MOB: Animated_Knuckles
136/25,MOB: Animated_Kunai
136/27,MOB: Animated_Longbow
136/15,MOB: Animated_Longsword
136/19,MOB: Animated_Scythe
152/48,MOB: Animated_Shield
136/23,MOB: Animated_Spear
136/24,MOB: Animated_Staff
136/18,MOB: Animated_Tabar
136/26,MOB: Animated_Tachi
310/38,MOB: Anise_Custard
267/88,MOB: Ansherekh
2/22/115,MOB: Antican_Aedilis
2/23/10,MOB: Antican_Antesignanus
2/22/101,MOB: Antican_Auxiliarius
2/23/14,MOB: Antican_Centurio
2/22/105,MOB: Antican_Consul
2/22/118,MOB: Antican_Essedarius
2/22/123,MOB: Antican_Faber
2/22/113,MOB: Antican_Funditor
2/22/111,MOB: Antican_Hastatus
2/22/125,MOB: Antican_Lanista
2/23/7,MOB: Antican_Legatus
2/22/106,MOB: Antican_Magister
159/29,MOB: Antican_Praefectus
159/28,MOB: Antican_Praetor
2/23/2,MOB: Antican_Proconsul
2/22/126,MOB: Antican_Quaestor
159/27,MOB: Antican_Tribunus
5/81,MOB: Antlion_Fly
131/6,MOB: Anvilix_Sootwrists
259/4,MOB: Apademak
156/41,MOB: Apis
5/84,MOB: Apocalyptic_Weapon
119/72,MOB: Arachne
5/50,MOB: Arboricole_Crawler
5/80,MOB: Arboricole_Raven
258/101,MOB: Archaic_Chariot
97/9,MOB: Archaic_Chest
258/100,MOB: Archaic_Gears
4/12/115,MOB: Archaic_Rampart
249/48,MOB: Arimaspi
4/103,MOB: Arioch
282/117,MOB: Ark_Angel_EV
282/120,MOB: Ark_Angel_GK
282/116,MOB: Ark_Angel_HM
282/118,MOB: Ark_Angel_MR
119/76,MOB: Ark_Angels_Wyvern
282/119,MOB: Ark_Angel_TT
258/102,MOB: Armored_Chariot
97/10,MOB: Armoury_Crate
4/114,MOB: Arrapago_Leech
131/8,MOB: Ascetox_Ratgums
9/7,MOB: Ashmaker_Gotblut
5/14,MOB: Ash_Lizard
136/14,MOB: Aspidochelone
152/123,MOB: Asrai
258/104,MOB: Assailer_Chariot
5/82,MOB: Assassin_Fly
4/12/80,MOB: Assault_Draugar
5/35,MOB: Attohwa_Coeurl
5/69,MOB: Aura_Statue
213/28,MOB: Auroral_Alicorn
5/9/35,MOB: Avalerion
130/123,MOB: Avatar_Icon
156/17,MOB: Awahondo
5/51,MOB: Awd_Goggie
249/56,MOB: Woeful_Weeper
258/61,MOB: Awzdei
6/39,MOB: Axesarion_the_Wanderer
258/119,MOB: Baelfyr
130/118,MOB: Baetyl_Quadav_BS
159/81,MOB: Bahamut
249/71,MOB: Balaur
131/4,MOB: Bandrix_Rockjaw
5/26,MOB: Bathybic_Kulshedra
5/6/97,MOB: BaTho_Mercifulheart
5/25,MOB: Beach_Monk
4/110,MOB: Bearclaw_Leveret
6/32,MOB: Bendigeit_Vran
259/1,MOB: Bennu
259/5,MOB: Benumbed_Vodoriga
223/8,MOB: Berserker_Demon
7/72,MOB: Berserkr
5/5/93,MOB: Berstuk
2/22/51,MOB: Beryl-footed_Molberry
131/3,MOB: Bhuu_Wjato_the_Firepool
207/7,MOB: Biddybug
2/22/37,MOB: Bisque-heeled_Sunberry
2/22/68,MOB: Bistre-hearted_Malberry
7/36,MOB: BiGho_Headtaker
9/90,MOB: Blackbeard
6/112,MOB: Blackbone_Frazdiz
249/50,MOB: Black_Merino
259/15,MOB: Bladmall
258/51,MOB: Blazing_Eruca
5/6/45,MOB: Bloodcrown_Brradhod
241/89,MOB: Bloodeye_Vileberry
6/13,MOB: Bloodthirster_Madkix
6/102,MOB: Bloodwing_Impaler
258/94,MOB: Bloody_Bones
9/12,MOB: Bloody_Vrukwuk
2/23/29,MOB: Bog_Sahagin
165/116,MOB: Boodlix
272/86,MOB: Boroka
5/7/0,MOB: BoDho_Hundredfist
241/85,MOB: Briareus
2/22/23,MOB: Bright-handed_Kunberry
2/23/21,MOB: Brook_Sahagin
5/6/11,MOB: Brradhods_Donzel
5/6/26,MOB: Brradhods_Fletcher
131/5,MOB: Buffrix_Eargone
250/73,MOB: Bukhis
6/123,MOB: BuGhi_Howlblade
130/108,MOB: Bxafraffs_Wyvern
5/4,MOB: Byakko
258/118,MOB: Byrgen
5/39,MOB: Cactrot_Rapido
238/98,MOB: Caldera_Crab
328/83,MOB: Calf_[Herd1]
238/91,MOB: Caoineag
5/43,MOB: Capricious_Cassie
239/71,MOB: Carabosse
2/22/71,MOB: Carmine-tailed_Janberry
258/56,MOB: Carmine_Eruca
4/7/116,MOB: Carrion_Toad
147/7,MOB: Celeste-eyed_Tozberry
2/22/107,MOB: Centurio_IV-VII
2/23/16,MOB: Centurio_XIII-V
6/71,MOB: Chaa_Paqa_the_Profound
5/77,MOB: Chaos_Elemental
3/7/72,MOB: Chemical_Cook_Chemachiq
5/9/50,MOB: Chhir_Batti
222/42,MOB: Chigre
150/3,MOB: Chimera_Clot
6/10,MOB: Chuglix_Berrypaws
5/6/24,MOB: Clan_Reaper_Grunt
5/118,MOB: Climbpix_Highrise
2/23/53,MOB: Coastal_Sahagin
5/67,MOB: Cogtooth_Skagnogg
5/6/20,MOB: Coinbiter_Cjaknokk
224/52,MOB: Cointeach
148/68,MOB: Colorful_Leshy
5/8/91,MOB: Confederate_Belfry
5/8/99,MOB: Confederate_Mantelet
2/22/85,MOB: Cook_Fulberry
2/22/92,MOB: Cook_Minberry
2/22/96,MOB: Cook_Nalberry
2/22/97,MOB: Cook_Solberry
6/75,MOB: Coo_Keja_the_Unseen
2/23/43,MOB: Coral_Sahagin
239/69,MOB: Count_Dracula
7/45,MOB: Count_Vine
249/60,MOB: Coveter
262/30,MOB: Crapaudy
250/79,MOB: Crevice_Amoeban
200/69,MOB: Crimson_Grimoire
151/127,MOB: Cryptonberry_Abductor
152/0,MOB: Cryptonberry_Charmer
152/6,MOB: Cryptonberry_Cutter
152/1,MOB: Cryptonberry_Designator
152/2,MOB: Cryptonberry_Executor
152/4,MOB: Cryptonberry_Harrier
152/3,MOB: Cryptonberry_Plaguer
187/10,MOB: Cursed_Axe
5/2,MOB: Custodian
5/24,MOB: Daggertooth_Pugil
5/6/46,MOB: Darkheir_Grradhod
5/78,MOB: Dark_Elemental
207/10,MOB: Dark_Ixion
6/34,MOB: Dark_Stalker
7/11,MOB: DaShu_Knightslayer
4/12/102,MOB: Dea
4/12/61,MOB: Deadpan_Devilet
5/57,MOB: Decontaminator
2/23/0,MOB: Decurio_XIII-LV
97/80,MOB: Defender
4/119,MOB: Defile_Scorpion
259/81,MOB: Degenhard
9/18,MOB: Deloknok
2/23/24,MOB: Delta_Sahagin
2/23/55,MOB: Demisahagin_Bard
2/23/39,MOB: Demisahagin_Monk
2/23/44,MOB: Demishagin_White_Mage
187/11,MOB: Demonic_Rod
7/77,MOB: Demon_Magistrate
7/74,MOB: Demon_Magus
159/32,MOB: Denn_the_Orcavoiced
249/59,MOB: Depths_Digester
5/55,MOB: Desert_Beetle
258/52,MOB: Devegetator
249/55,MOB: Deviator
6/121,MOB: DeVyu_Headhunter
6/103,MOB: Dirtyhanded_Gochakzuk
258/103,MOB: Disassembler
6/52,MOB: Disfaurit_B_DAurphe
7/73,MOB: Doom_Demon
6/49,MOB: Doppelganger_Dio
6/48,MOB: Doppelganger_Gog
5/6/92,MOB: Doyen_Quadav
130/111,MOB: Drakefeast_Wubmfub
320/80,MOB: Draugar
4/12/70,MOB: Draugar_Servant
287/127,MOB: Dread_Dealing_Dredodak
6/44,MOB: Drexerion_the_Condemned
6/4,MOB: Dribblix_Greasemaw
223/4,MOB: Dryptotaur
136/51,MOB: Duke_Berith
258/106,MOB: Durinn
5/6/51,MOB: Duu_Masa_the_Onecut
7/15,MOB: DuVha_Grimewind
207/8,MOB: Dyinyinga
130/122,MOB: Dynamis_Effigy
130/124,MOB: Dynamis_Icon
130/126,MOB: Dynamis_Statue
5/74,MOB: Earth_Elemental
241/84,MOB: Eccentric_Eve
258/105,MOB: Edifier
152/21,MOB: Einherjar_Eater
259/75,MOB: Elemental_Gyves
7/14,MOB: Emerald_Quadav
250/80,MOB: Ephemeral_Murex
5/6/88,MOB: Moo_Ouzi_the_Swiftblade
7/54,MOB: Eurytos
5/111,MOB: Evil_Armory
4/12/1,MOB: Experimental_Lamia
5/71,MOB: Fire_Elemental
4/124,MOB: Fistule
161/3,MOB: Flammen-Brenner
165/115,MOB: Fleshflayer_Killakriq
148/65,MOB: Flying_Spear
97/61,MOB: Fomors_Elemental
131/0,MOB: Foo_Peku_the_Bloodcloak
7/57,MOB: Frost_Gigas
333/30,MOB: Fuath
97/12,MOB: Gangly_Gean
7/10,MOB: Garnet_Quadav
5/6/102,MOB: GaLhu_Nevermolt
258/121,MOB: Gefyrst
149/115,MOB: Genbu
5/94,MOB: Gerwitzs_Axe
5/88,MOB: Gerwitzs_Sword
7/22,MOB: Giant_Beastmaster
3/7/61,MOB: Giant_High_Ranger
7/62,MOB: Giant_Warrior
3/7/63,MOB: Gigas_Beastmaster
3/7/60,MOB: Gigas_Monk
6/77,MOB: Gii_Jaha_the_Raucous
150/13,MOB: Gilagoge_Tlugvi
288/71,MOB: GiGhis_Peiste
7/8,MOB: GiRho_Wrathstorm
267/86,MOB: Glade_Wivre
142/96,MOB: Gladiatorial_Weapon
5/119,MOB: Goblin_Ambusher
6/15,MOB: Goblin_Bombardier
5/125,MOB: Goblin_Boss
6/2,MOB: Goblin_Bounty_Hunter
6/0,MOB: Goblin_Butcher
3/7/85,MOB: Goblin_Craftsman
3/7/86,MOB: Goblin_Doorman
6/9,MOB: Goblin_Draftee
5/122,MOB: Goblin_Duelist
3/7/88,MOB: Goblin_Fireman
6/16,MOB: Goblin_Flagman
6/6,MOB: Goblin_Franctireur
5/123,MOB: Goblin_Furrier
5/127,MOB: Goblin_Gambler
5/124,MOB: Goblin_Gaoler
6/11,MOB: Goblin_Guerrilla
3/7/62,MOB: Goblin_Gutterman
3/7/90,MOB: Goblin_Hammerman
6/7,MOB: Goblin_Jeweler
3/7/89,MOB: Goblin_Junkman
3/7/57,MOB: Goblin_Leadman
3/7/64,MOB: Goblin_Marksman
5/120,MOB: Goblin_Pathfinder
6/3,MOB: Goblin_Patrolman
130/125,MOB: Goblin_Replica
3/7/58,MOB: Goblin_Shovelman
3/7/83,MOB: Goblin_Swordsman
3/7/91,MOB: Goblin_Wolfman
152/122,MOB: Golden-Tongued_Culberry
7/6,MOB: Gold_Quadav
152/36,MOB: Gore_Bats
3/8/11,MOB: Gorger
4/8/35,MOB: Gotoh_Zha_the_Redolent
6/122,MOB: GoBha_Slaughterer
7/9,MOB: GoRha_Sludgewater
258/97,MOB: Granite_Borer
6/108,MOB: Grognard_Predator
258/109,MOB: Gunpod
130/114,MOB: GuNha_Wallstormer
5/53,MOB: Hadhayosh
6/117,MOB: Halforc_Dark_Knight
5/9/46,MOB: Heqet
9/44,MOB: Hoo_Mjuu_the_Torrent
258/42,MOB: Hrosshvalur
9/22,MOB: Hundredscar_Hajwaj
250/63,MOB: Hydra
5/72,MOB: Ice_Elemental
97/59,MOB: Ice_Fiend
223/6,MOB: Inferno_Demon
250/76,MOB: Ironclad_Cleaver
250/78,MOB: Ironclad_Observer
250/77,MOB: Ironclad_Pulverizer
7/0,MOB: Iron_Quadav
3/10/75,MOB: Ixaern_drg
258/45,MOB: Jaculus
3/10/39,MOB: Jailer_of_Hope
258/44,MOB: Jailer_of_Justice
249/61,MOB: Jailer_of_Love
258/59,MOB: Jailer_of_Prudence
6/47,MOB: Jeumouque_B_DAurphe
267/111,MOB: Jii_Xai_the_Rimebladed
7/50,MOB: Jotunn_Gatekeeper
5/116,MOB: Juggler_Hecatomb
159/31,MOB: Kappa_Bonze
258/43,MOB: Karkatakam
4/12/41,MOB: Khromasoul_Bhurborlor
5/6/127,MOB: Khroma_Quadav
258/120,MOB: Unbridled_Ungeweder
149/101,MOB: Kirin
288/72,MOB: Kukulkan
250/69,MOB: Kutharei
5/6/86,MOB: Laa_Vaqu_the_Sutler
2/23/38,MOB: Lagoon_Sahagin
2/23/48,MOB: Lake_Sahagin
272/88,MOB: Lambton_Worm
5/101,MOB: Lightning_Gremlin
7/1,MOB: Lightsteel_Quadav
5/7/36,MOB: Lilisette
302/86,MOB: Lugarhoo
258/50,MOB: Maahes
130/127,MOB: Maa_Zaua_the_Wyrmkeeper
4/116,MOB: Magma
150/14,MOB: Makki-Chebukki
3/5/25,MOB: Mammet_Master
3/5/38,MOB: Meanderer
3/9/41,MOB: Meditator
249/52,MOB: Megamaw_Mikey
3/5/31,MOB: Memory_Receptacle
7/2,MOB: Metaquadav_Dark_Knight
7/17,MOB: Metaquadav_Red_Mage
2/23/36,MOB: Meww_the_Turtlerider
130/115,MOB: MiRhe_Whisperblade
3/7/75,MOB: Moblin_Aidman
3/7/76,MOB: Moblin_Coalman
3/7/80,MOB: Moblin_Groundman
3/7/81,MOB: Moblin_Gurneyman
3/7/65,MOB: Moblin_Pickman
287/126,MOB: Moblin_Roadman
3/7/68,MOB: Moblin_Workman
2/22/59,MOB: Molybiton
249/68,MOB: Morboling
159/30,MOB: Mouu_the_Waverider
5/9/37,MOB: Murrain_Chigoe
5/6/54,MOB: Muu_Buxu_the_Elusive
239/35,MOB: Myrmeleontide
5/115,MOB: Mystic_Weapon
249/67,MOB: Naul
258/40,MOB: Nehebkau
3/9/47,MOB: Neogorger
6/119,MOB: NiGhu_Nestfender
2/22/79,MOB: Noctonberry_Black_Mage
2/22/76,MOB: Noctonberry_Summoner
2/22/40,MOB: Noctonberry_Thief
6/50,MOB: Northern_Shadow
6/35,MOB: Northern_Spriggan
6/81,MOB: Nuu_Gazo_the_Dirgerimer
2/23/28,MOB: Ocean_Sahagin
6/120,MOB: Old_Quadav
3/10/36,MOB: Omhpemde
258/47,MOB: Orapodium
6/104,MOB: Orcish_Beastrider
6/99,MOB: Orcish_Bowshooter
5/6/47,MOB: Orcish_Carrier
6/101,MOB: Orcish_Farkiller
6/100,MOB: Orcish_Footsoldier
5/6/25,MOB: Orcish_Guard
5/6/17,MOB: Orcish_Imperial_Guard
6/97,MOB: Orcish_Neckchopper
6/105,MOB: Orcish_Nightraider
6/107,MOB: Orcish_Veteran
6/114,MOB: Orcish_Warchief
148/64,MOB: Orna
5/110,MOB: Ornamental_Weapon
259/2,MOB: Orthrus
258/107,MOB: Pandemonium_Warden
259/13,MOB: Pantokrator
258/46,MOB: Peapuk
5/9/40,MOB: Pitchy_Pudding
265/20,MOB: Poroggo_Dom_Juan
161/2,MOB: Posten
2/22/116,MOB: Princeps_V-XI
156/25,MOB: Prishe
3/9/82,MOB: Proto-Ultima
3/9/38,MOB: Provoker
258/92,MOB: Qiqirn_Bewitcher
4/12/104,MOB: Qiqirn_Mine
3/10/74,MOB: Qnaern_rdm
5/6/90,MOB: Quadav_Guard
7/5,MOB: Quadav_Transporter
5/6/94,MOB: Qulun_Heavyshell
258/124,MOB: Raja
258/123,MOB: Rani
156/18,MOB: Resheph
7/0/14,MOB: Riko_Kupenreich
2/23/41,MOB: Rivulet_Sahagin
6/79,MOB: Roo_Beju_the_Eulogizer
222/87,MOB: Ruszor
258/60,MOB: Ruphuabo
152/126,MOB: Sarcophilus
9/78,MOB: Scythe_Victim_war
258/49,MOB: Sedna
6/0/12,MOB: Seed_Crystal
6/0/14,MOB: Seed_Goblin
6/0/15,MOB: Seed_Orc
6/0/16,MOB: Seed_Quadav
6/0/17,MOB: Seed_Yagudo
150/5,MOB: Seiryu
223/5,MOB: Shadowsoul
125/73,MOB: Shadow_of_Rage
97/62,MOB: Shens_Filtrate
9/91,MOB: Silverhook
250/71,MOB: Sippoy
258/41,MOB: Sirrush
9/85,MOB: Skull_of_Envy
6/61,MOB: Skull_of_Greed
9/61,MOB: Skull_of_Lust
9/96,MOB: Skull_of_Sloth
239/68,MOB: Snoll_Tzar
119/73,MOB: Son_of_Anansi
6/51,MOB: Southern_Shadow
6/43,MOB: Southern_Spriggan
5/6/18,MOB: Spinebeak_Neckchopper
3/5/36,MOB: Stray
148/92,MOB: Stubborn_Dredvodd
241/92,MOB: Sturdy_Pyxis
5/18,MOB: Suzaku
2/23/51,MOB: Swamp_Sahagin
3/10/69,MOB: Temenos_Aern
151/126,MOB: Tenzen
6/90,MOB: Theoyagudo_Black_Mage
6/87,MOB: Theoyagudo_Ninja
6/88,MOB: Theoyagudo_Samurai
3/9/45,MOB: Thinker
5/76,MOB: Thunder_Elemental
97/63,MOB: Thunder_Fiend
5/100,MOB: Thunder_Gremlin
250/72,MOB: Titlacauan
2/22/72,MOB: Tonberry_Beleaguerer
2/22/49,MOB: Tonberry_Chopper
2/22/29,MOB: Tonberry_Creeper
2/22/48,MOB: Tonberry_Cutter
2/22/69,MOB: Tonberry_Harasser
2/22/77,MOB: Tonberry_Harrier
2/22/63,MOB: Tonberry_Hexer
2/22/58,MOB: Tonberry_Imprecator
2/22/67,MOB: Tonberry_Pontifex
2/22/34,MOB: Tonberry_Stalker
2/22/30,MOB: Tonberry_Tracker
4/12/107,MOB: Tyger
97/60,MOB: Tzee_Xicus_Elemental
272/89,MOB: Ulhuadshi
291/55,MOB: Vanquished_Einherjar
240/110,MOB: Varanus
4/12/83,MOB: Velionis
125/74,MOB: Volker
3/5/42,MOB: Wailer
123/9,MOB: Warder_Aglaia
5/75,MOB: Water_Elemental
3/5/39,MOB: Weeper
250/70,MOB: Yaanei
6/89,MOB: Yagudo_Abbot
6/83,MOB: Yagudo_Archpriest
5/6/56,MOB: Yagudo_Carrier
6/80,MOB: Yagudo_Chanter
5/6/53,MOB: Yagudo_Eradicator_past
5/6/87,MOB: Yagudo_Genja
5/6/50,MOB: Yagudo_Guard
6/86,MOB: Yagudo_Inquisitor
5/6/62,MOB: Yagudo_Stormer
125/72,MOB: Zeid
249/57,MOB: Livid_Seether
310/39,MOB: Vermes_Carnium
249/66,MOB: Thalassinon
241/86,MOB: Lacovie
249/49,MOB: Quetzalli
249/72,MOB: Manananggal
240/109,MOB: Iratham
97/66,MOB: Pet_Carbuncle
238/47,MOB: Pet_Alexander
159/51,MOB: Pet_Diabolos
238/46,MOB: Pet_Odin
128/78,MOB: Pet_Courier_Carrie
3/10/76,MOB: Qnaern_whm
324/52,MOB: Eschan_Snapweed
268/11,MOB: Provenance_Watcher
3/10/66,MOB: Ixaern_mnk
268/1,MOB: Rukh
268/0,MOB: Asb
268/2,MOB: Sarbaz
277/7,MOB: Wazir
277/8,MOB: Shah
277/5,MOB: Morta
277/6,MOB: Bismarck
9/0/43,MOB: Achuka
335/60,MOB: Hurkan
309/8,MOB: SprigganFFXIV
309/7,MOB: SlimeDQ10event
268/3,MOB: Bhishani
268/12,MOB: Abununnu
267/126,MOB: Ig-Alima
265/107,MOB: Kaggen
267/23,MOB: Pil
267/84,MOB: Mellonia
268/4,MOB: Kalasutrax
268/7,MOB: Rw_Nw_Prt_M_Hrw
241/88,MOB: Pancimanci
265/108,MOB: Uptala
265/109,MOB: Aello
265/111,MOB: Cath_Palug
272/105,MOB: Smierc
286/81,MOB: Lancing_Wasp
267/125,MOB: Temblor_Beetle
310/40,MOB: Shrubshredder_Chapuli
9/0/63,MOB: Quivering_Twitherym
9/0/103,MOB: Shy_Heartwing
326/110,MOB: Wheezing_Acuex
286/79,MOB: Tormented_Obdella
9/2/47,MOB: Banespore
286/83,MOB: Snaggletooth_Raptor
9/1/64,MOB: Pungent_Ovim
310/113,MOB: Famished_Raaz
9/2/87,MOB: Wintry_Cave
9/1/63,MOB: Incensed_Lucerewe
9/2/66,MOB: Icy_Palisade
310/112,MOB: Preening_Tulfaire
9/2/53,MOB: Wasp_Nest
375/88,MOB: Kumhau
9/2/86,MOB: Graupel_Formation
280/31,MOB: Gnarring_Yztarg
343/20,MOB: Cloud_of_Darkness
343/17,MOB: Metus
286/76,MOB: Taxet
9/2/54,MOB: Grimy_Boulders
9/2/78,MOB: Arboreal_Bastion
286/82,MOB: Furfluff_Lapinion
9/0/64,MOB: Twitherym_Windstorm
9/0/83,MOB: Craklaw_FdH
9/2/52,MOB: Sere_Stump
310/114,MOB: Blood_Toad
9/0/53,MOB: Velkk_Vaticinator
9/0/48,MOB: Velkk_Punisher
9/2/77,MOB: Avian_Roost
268/5,MOB: Menacing_Mantis
9/0/33,MOB: Tchakka
9/0/38,MOB: Yumcax
9/0/28,MOB: Colkhab
286/84,MOB: Luckybug
9/2/49,MOB: Steam_Spout
272/87,MOB: Volcanic_Wivre
150/4,MOB: Riverscum
9/2/76,MOB: Spinescent_Protuberance
265/110,MOB: Sedge_Scorpion
9/2/48,MOB: Numbing_Blossom
280/84,MOB: Asperous_Marolith
267/83,MOB: Roly-Poly
5/6/10,MOB: Orcish_Veteran_past
265/112,MOB: Akvan
268/8,MOB: Gwynn_ap_Nudd
263/4,MOB: Hahava
266/68,MOB: Gasha-1stform
239/70,MOB: Lord_Asag
4/12/62,MOB: Vanasarvik
4/12/81,MOB: Reserve_Draugar
4/12/76,MOB: Draugar_Servant
277/10,MOB: Dimgruzub
277/11,MOB: Brekekekex
277/12,MOB: Chorus_Toad
9/0/68,MOB: Fluturini
9/2/96,MOB: Suspended_Sculpture
9/1/5,MOB: Dullahan_generic
9/2/95,MOB: Dimensional_Tether
9/2/97,MOB: Amaranth_Barrier
262/112,MOB: Iron_CraniumV2
262/110,MOB: Ironclad_Vaporizer
263/56,MOB: Ligeia
6/36,MOB: Shadow_blm
6/40,MOB: Shadow_thf
6/37,MOB: Specter_blm
6/41,MOB: Specter_thf
6/45,MOB: Specter_rng
328/82,MOB: Devouring_Mosquito
364/34,MOB: Indomitable_Faaz
349/10,MOB: Territorial_Mantis
349/11,MOB: Perfervid_Naraka
335/80,MOB: Porxie
345/111,MOB: Lucani
6/38,MOB: Dark_Stalker_blm
6/46,MOB: Dark_Stalker_rng
6/42,MOB: Dark_Stalker_thf
156/32,MOB: Selh'teus
328/80,MOB: Eschan_Jewelweed
9/2/105,MOB: Heliotrope_Barrier
9/1/74,MOB: Hadesv1
9/1/70,MOB: Arciela
9/1/73,MOB: hadesV2
9/1/72,MOB: Theodor
9/1/62,MOB: Darrcuiln
9/1/25,MOB: Dhokmak
9/1/71,MOB: Morimar
335/62,MOB: Balamor
9/1/20,MOB: Ashrakk
9/1/26,MOB: Poisoncloud
280/83,MOB: Primogenial_Marolith
9/2/11,MOB: Ingrid
3/10/73,MOB: Qnaern_rng
5/6/95,MOB: Adaman_Quadav
5/6/19,MOB: Orcish_Warlord_past
9/1/6,MOB: Crom_Dubh
265/102,MOB: Sabotender_Royal
9/0/39,MOB: Yakshi
328/81,MOB: Teles
349/12,MOB: Quetzalcoatls_Sibilus
333/29,MOB: Lustful_Lydia
267/85,MOB: Aglaophotis
3/10/34,MOB: Eschan_Yovra
335/79,MOB: Balamor
337/35,MOB: Emputa
337/36,MOB: Asida
335/78,MOB: Palila
286/78,MOB: Hanbi
268/9,MOB: Naphula
5/45,MOB: Gestalt
5/70,MOB: Angrboda
286/80,MOB: Cunnast
328/87,MOB: Ionos
328/86,MOB: Sensual_Sandy
333/31,MOB: Nosoi
288/84,MOB: Brittlis
289/72,MOB: Urmahlullu
313/64,MOB: Cait_Sith
5/7/26,MOB: Excenmille_S
3/10/71,MOB: Ruaern_whm
3/10/68,MOB: Ruaern_war
3/10/70,MOB: Ruaern_sam
3/10/67,MOB: Ruaern_blm
309/20,MOB: Shantotto
309/21,MOB: Naji
309/22,MOB: Kupipi
309/23,MOB: Excenmille
309/24,MOB: Ayame
309/25,MOB: NanaaMihgo
309/26,MOB: Curilla
309/27,MOB: Volker
309/28,MOB: Ajido-Marujido
309/29,MOB: Trion
309/30,MOB: Zeid
309/31,MOB: Lion
309/32,MOB: Tenzen
309/33,MOB: MihliAliapoh
309/34,MOB: Valaineral
309/35,MOB: Joachim
309/36,MOB: NajaSalaheem
309/37,MOB: Prishe
309/38,MOB: Ulmia
309/39,MOB: ShikareeZ
309/40,MOB: Cherukiki
309/41,MOB: IronEater
309/42,MOB: Gessho
309/43,MOB: Gadalar
309/44,MOB: Rainemard
309/45,MOB: Ingrid
309/46,MOB: LehkoHabhoka
309/47,MOB: Nashmeira
309/48,MOB: Zazarg
309/49,MOB: Ovjang
309/50,MOB: Mnejing
309/51,MOB: Sakura
309/52,MOB: Luzaf
309/53,MOB: Najelith
309/54,MOB: Aldo
309/55,MOB: Moogle
309/56,MOB: Fablinix
309/57,MOB: Maat
309/58,MOB: D.Shantotto
309/59,MOB: StarSibyl
309/60,MOB: Karaha-Baruha
309/61,MOB: Cid
309/62,MOB: Gilgamesh
309/63,MOB: Areuhat
309/64,MOB: SemihLafihna
309/65,MOB: Elivira
309/66,MOB: Noillurie
309/67,MOB: LhuMhakaracca
309/68,MOB: FerreousCoffin
309/69,MOB: Lilisette
309/70,MOB: Mumor
309/71,MOB: UkaTotlihn
309/73,MOB: Klara
309/74,MOB: RomaaMihgo
309/75,MOB: KuyinHathdenna
309/76,MOB: Rahal
309/77,MOB: Koru-Moru
309/78,MOB: Pieuje
309/80,MOB: InvincibleShld
309/81,MOB: Apururu
309/82,MOB: JakohWahcondalo
309/79,MOB: Flaviria
309/87,MOB: Babban
309/89,MOB: Rughadjeen
309/90,MOB: Kukki-Chebukki
309/91,MOB: Margret
309/92,MOB: Chacharoon
309/93,MOB: LheLhangavo
309/94,MOB: Arciela
309/95,MOB: Mayakov
309/96,MOB: Qultada
309/97,MOB: Adelheid
309/98,MOB: Amchuchu
309/99,MOB: Brygid
309/100,MOB: Mildaurion
309/107,MOB: Halver
309/108,MOB: Rongelouts
309/109,MOB: Leonoyne
309/110,MOB: Maximilian
309/111,MOB: Kayeel-Payeel
309/112,MOB: Robel-Akbel
309/113,MOB: Kupofried
309/114,MOB: Selh'teus
309/115,MOB: Yoran-Oran
309/116,MOB: Sylvie
309/118,MOB: Abquhbah
309/119,MOB: Balamor
309/120,MOB: August
309/121,MOB: Rosulatia
309/123,MOB: Teodor
309/125,MOB: Ullegore
309/126,MOB: Makki-Chebukki
309/127,MOB: KingOfHearts
310/0,MOB: Morimar
310/1,MOB: Darrcuiln
310/5,MOB: ArkHM
310/6,MOB: ArkEV
310/7,MOB: ArkMR
310/8,MOB: ArkTT
310/9,MOB: ArkGK
310/3,MOB: Iroha
310/10,MOB: Ygnas
310/12,MOB: Monberaux
309/72,MOB: Excenmille
309/83,MOB: Ayame
309/84,MOB: Maat
309/85,MOB: Aldo
309/86,MOB: NajaSalaheem
309/101,MOB: Lion
309/106,MOB: Zeid
309/102,MOB: Prishe
309/103,MOB: Nashmeira
309/104,MOB: Lilisette
309/117,MOB: Tenzen
309/124,MOB: Mumor
309/122,MOB: Ingrid
309/105,MOB: Arciela
310/4,MOB: Iroha
310/2,MOB: Shantotto
289/62,MOB: Luopan
3/10/72,MOB: Indoor_aern_blm
5/6/100,MOB: Iron_Quadav_CZBS
5/6/22,MOB: Orcish_Gladiator_past
5/6/16,MOB: Orcish_Protector_past
9/107,MOB: Scythe_Victim_blm
3/5/32,MOB: Memory_Receptacle
3/5/33,MOB: Memory_Receptacle
272/85,MOB: Memory_Receptacle
277/9,MOB: Tsui-Goab
310/36,MOB: Yalungur
5/5/88,MOB: Maju
343/18,MOB: Neak
259/74,MOB: Esoteric_Scrivening
4/13/8,MOB: Bastion_Gate
337/34,MOB: Wasserspeier
335/82,MOB: Duke_Vepar
335/83,MOB: Virava
249/70,MOB: Dawon
363/22,MOB: Pet_Siren
375/101,MOB: Locus_Ghost_Crab