"itemId","NAME","MID","ModelID"
"10800","castellans_shield","34","28706"
"10801","psychist_shield","36","28708"
"10802","majorelle_shield","47","28719"
"10803","weathering_shield","47","28719"
"10804","thuellaic_ecu","46","28718"
"10805","panzer_shield","33","28705"
"10806","adamas","61","28733"
"10807","mandraguard","62","28734"
"10808","janus_guard","63","28735"
"10809","moogle_guard","642","29314"
"10810","moogle_guard_+1","642","29314"
"10811","chocobo_shield","653","29325"
"10812","choco._shield_+1","653","29325"
"11926","ochain","57","28729"
"11927","aegis","51","28723"
"12289","lauan_shield","37","28709"
"12290","maple_shield","36","28708"
"12291","elm_shield","39","28711"
"12292","mahogany_shield","40","28712"
"12293","oak_shield","38","28710"
"12294","leather_shield","37","28709"
"12295","round_shield","35","28707"
"12296","genbus_shield","31","28703"
"12298","parana_shield","36","28708"
"12299","aspis","41","28713"
"12300","targe","43","28715"
"12301","buckler","44","28716"
"12302","darksteel_buckler","45","28717"
"12303","gold_buckler","42","28714"
"12304","msk.cmd._shield","42","28714"
"12305","ice_shield","29","28701"
"12306","kite_shield","25","28697"
"12307","heater_shield","26","28698"
"12308","darksteel_shield","30","28702"
"12309","ritter_shield","24","28696"
"12310","diamond_shield","29","28701"
"12311","hoplon","37","28709"
"12312","r.k._army_shield","27","28699"
"12313","t.k._army_shield","28","28700"
"12316","fish_scale_shield","36","28708"
"12317","flame_shield","41","28713"
"12318","argos_shield","50","28722"
"12319","elm_shield_+1","39","28711"
"12320","seigneur_shield","58","28730"
"12321","ryl.grd._shield","29","28701"
"12323","scutum","33","28705"
"12324","tower_shield","34","28706"
"12325","aspis_+1","41","28713"
"12326","kite_shield_+1","25","28697"
"12327","buckler_+1","44","28716"
"12328","heater_shield_+1","26","28698"
"12329","leather_shield_+1","37","28709"
"12330","maple_shield_+1","36","28708"
"12331","oak_shield_+1","38","28710"
"12332","judges_shield","22","28694"
"12333","lauan_shield_+1","37","28709"
"12334","strong_shield","40","28712"
"12335","targe_+1","43","28715"
"12336","ryl.sqr._shield","37","28709"
"12337","decurions_shield","43","28715"
"12338","frost_shield","46","28718"
"12339","scutum_+1","33","28705"
"12340","marine_shield","31","28703"
"12341","tropical_shield","37","28709"
"12342","lantern_shield","44","28716"
"12343","faerie_shield","35","28707"
"12344","master_shield","38","28710"
"12345","bloodbead_ecu","46","28718"
"12346","dst._shield_+1","30","28702"
"12347","spiked_buckler","45","28717"
"12348","serket_shield","41","28713"
"12349","balance_buckler","44","28716"
"12350","strike_shield","40","28712"
"12351","astral_shield","39","28711"
"12352","round_shield_+1","35","28707"
"12353","gilt_buckler","42","28714"
"12354","tower_shield_+1","34","28706"
"12355","diamond_shield_+1","29","28701"
"12356","viking_shield","40","28712"
"12357","ice_shield_+1","25","28697"
"12358","ritter_shield_+1","24","28696"
"12359","hickory_shield","40","28712"
"12360","tatami_shield","32","28704"
"12361","sipar","45","28717"
"12362","highlanders_targe","43","28715"
"12363","ptr.prt._shield","36","28708"
"12364","nymph_shield","35","28707"
"12365","nymph_shield_+1","35","28707"
"12366","ryl.sqr._shield_+1","37","28709"
"12367","ryl.sqr._shield_+2","37","28709"
"12368","r.k._shield_+1","27","28699"
"12369","r.k._shield_+2","27","28699"
"12370","picaroons_shield","40","28712"
"12371","clipeus","41","28713"
"12372","bastokan_targe","43","28715"
"12373","republic_targe","43","28715"
"12374","tortoise_shield","31","28703"
"12375","light_buckler","44","28716"
"12376","t.k._shield_+1","28","28700"
"12377","t.k._shield_+2","28","28700"
"12378","hard_shield","29","28701"
"12379","holy_shield","29","28701"
"12380","divine_shield","29","28701"
"12381","charging_shield","26","28698"
"12382","astral_aspis","41","28713"
"12383","generals_shield","47","28719"
"12384","admirals_shield","47","28719"
"12385","acheron_shield","50","28722"
"12386","acheron_shield_+1","50","28722"
"12387","koenig_shield","48","28720"
"12388","kaiser_shield","48","28720"
"12389","mercenarys_targe","43","28715"
"12390","wrestlers_aspis","41","28713"
"12391","healers_shield","37","28709"
"12392","wizards_shield","37","28709"
"12393","warlocks_shield","37","28709"
"12394","pilferers_aspis","41","28713"
"12395","varlets_targe","43","28715"
"12396","killer_targe","43","28715"
"12397","trimmers_aspis","41","28713"
"12398","singers_shield","37","28709"
"12399","beaters_aspis","41","28713"
"12400","ashigaru_targe","43","28715"
"12401","genin_aspis","41","28713"
"12402","wyvern_targe","43","28715"
"12403","magicians_shield","37","28709"
"12404","elegant_shield","44","28716"
"12405","jennet_shield","25","28697"
"12406","coated_shield","38","28710"
"12407","palmerins_shield","30","28702"
"12408","absorbing_shield","46","28718"
"12409","numinous_shield","35","28707"
"12410","nms._shield_+1","35","28707"
"12411","dominus_shield","35","28707"
"12412","hoplon_+1","37","28709"
"12413","turtle_shield_+1","31","28703"
"12414","turtle_shield","31","28703"
"12415","shell_shield","31","28703"
"15066","relic_shield","45","28717"
"15067","bulwark_shield","45","28717"
"15068","dynamis_shield","45","28717"
"15069","ancile","45","28717"
"15070","aegis","51","28723"
"15071","spartan_hoplon","37","28709"
"16161","januwiyah","54","28726"
"16162","tariqah","53","28725"
"16163","januwiyah_+1","54","28726"
"16164","tariqah_+1","53","28725"
"16165","storm_shield","39","28711"
"16166","januwiyah_-1","54","28726"
"16167","tariqah_-1","53","28725"
"16168","sentinel_shield","47","28719"
"16169","caballero_shield","22","28694"
"16170","wivre_shield","30","28702"
"16171","wivre_shield_+1","30","28702"
"16172","iron_ram_shield","27","28699"
"16173","pallass_shield","35","28707"
"16174","riot_shield","26","28698"
"16175","muse_tariqah","53","28725"
"16176","simba_buckler","44","28716"
"16177","legion_scutum","33","28705"
"16178","avalon_shield","38","28710"
"16179","airy_buckler","42","28714"
"16180","harpy_shield","46","28718"
"16181","terror_shield","30","28702"
"16182","town_mog._shield","55","28727"
"16183","nomad_mog._shield","56","28728"
"16184","flat_shield","36","28708"
"16185","pelte","36","28708"
"16186","spellcasters_ecu","46","28718"
"16187","adoubeurs_pavise","42","28714"
"16188","rusty_shield","30","28702"
"16189","gleaming_shield","26","28698"
"16190","bloom_buckler","44","28716"
"16191","utilis_shield","25","28697"
"16192","ochain","57","28729"
"16193","ochain","57","28729"
"16194","ochain","57","28729"
"16195","aegis","51","28723"
"16196","aegis","51","28723"
"16197","aegis","51","28723"
"16198","aegis","51","28723"
"16199","ochain","57","28729"
"16200","aegis","59","28731"
"16201","genesis_shield","46","28718"
"16202","dagdas_shield","26","28698"
"16447","rusty_dagger","164","28836"
"16448","bronze_dagger","164","28836"
"16449","brass_dagger","165","28837"
"16450","dagger","166","28838"
"16451","mythril_dagger","167","28839"
"16452","misericorde","163","28835"
"16453","orichalcum_dagger","179","28851"
"16454","blind_dagger","164","28836"
"16455","baselard","169","28841"
"16456","mythril_baselard","170","28842"
"16457","dst._baselard","168","28840"
"16458","poison_baselard","169","28841"
"16459","acid_baselard","170","28842"
"16460","kris","178","28850"
"16461","adaman_kris","177","28849"
"16463","cmb.cst._dagger","177","28849"
"16465","bronze_knife","159","28831"
"16466","knife","160","28832"
"16467","mythril_knife","161","28833"
"16468","darksteel_knife","158","28830"
"16469","cermet_knife","162","28834"
"16470","gully","157","28829"
"16471","blind_knife","159","28831"
"16472","poison_knife","160","28832"
"16473","kukri","172","28844"
"16475","mythril_kukri","173","28845"
"16476","darksteel_kukri","171","28843"
"16477","cermet_kukri","174","28846"
"16478","poison_kukri","172","28844"
"16479","acid_kukri","173","28845"
"16480","thiefs_knife","176","28848"
"16481","yataghan_+1","398","29070"
"16482","onion_dagger","164","28836"
"16483","onion_knife","159","28831"
"16484","burglars_dagger","166","28838"
"16485","yataghan","398","29070"
"16486","beestinger","167","28839"
"16487","minstrels_dagger","164","28836"
"16488","nguul","157","28829"
"16489","poison_kukri_+1","172","28844"
"16490","blind_knife_+1","159","28831"
"16491","bronze_knife_+1","159","28831"
"16492","bronze_dagger_+1","164","28836"
"16493","blind_dagger_+1","164","28836"
"16494","corrosive_kukri","173","28845"
"16495","silence_dagger","165","28837"
"16496","poison_dagger","166","28838"
"16497","sleep_dagger","167","28839"
"16498","carabineer_dagger","179","28851"
"16499","venom_kris","178","28850"
"16500","aluh_jambiya","409","29081"
"16501","acid_knife","161","28833"
"16502","venom_knife","158","28830"
"16503","stun_knife","162","28834"
"16504","oynos_knife","162","28834"
"16505","venom_kukri","171","28843"
"16506","stun_kukri","174","28846"
"16507","venom_baselard","168","28840"
"16508","silence_dagger_+1","165","28837"
"16509","aspir_knife","159","28831"
"16510","vnm._baselard_+1","168","28840"
"16511","burnite_shell","180","28852"
"16512","bilbo","183","28855"
"16513","tuck","184","28856"
"16514","mailbreaker","187","28859"
"16515","colichemarde","181","28853"
"16516","jr.msk._tuck","184","28856"
"16517","degen","188","28860"
"16518","mythril_degen","189","28861"
"16519","schlaeger","186","28858"
"16520","verdun","185","28857"
"16521","rapier","187","28859"
"16522","flame_degen","188","28860"
"16523","holy_degen","189","28861"
"16524","fleuret","191","28863"
"16525","hornet_fleuret","193","28865"
"16526","schwert","192","28864"
"16527","epee","190","28862"
"16528","bloody_rapier","188","28860"
"16529","musketeers_sword","188","28860"
"16530","xiphos","264","28936"
"16531","brass_xiphos","265","28937"
"16532","gladius","266","28938"
"16533","ancient_sword","283","28955"
"16534","onion_sword","265","28937"
"16535","bronze_sword","268","28940"
"16536","iron_sword","270","28942"
"16537","mythril_sword","271","28943"
"16538","darksteel_sword","267","28939"
"16539","cermet_sword","273","28945"
"16540","tyrfing","518","29190"
"16541","jagdplaute","269","28941"
"16542","wing_sword","288","28960"
"16543","fire_sword","268","28940"
"16544","ryl.arc._sword","251","28923"
"16545","broadsword","276","28948"
"16546","katzbalger","275","28947"
"16547","anelace","274","28946"
"16548","coral_sword","277","28949"
"16549","divine_sword","276","28948"
"16550","hallowed_sword","276","28948"
"16551","sapara","255","28927"
"16552","scimitar","256","28928"
"16553","tulwar","257","28929"
"16554","hanger","258","28930"
"16555","ridill","259","28931"
"16556","bloody_blade","262","28934"
"16557","msk.cmd._falchion","262","28934"
"16558","falchion","262","28934"
"16559","darksteel_falchion","260","28932"
"16560","cutlass","263","28935"
"16562","platinum_cutlass","261","28933"
"16563","rune_blade","254","28926"
"16564","flame_blade","262","28934"
"16565","spatha","249","28921"
"16566","longsword","251","28923"
"16567","knights_sword","252","28924"
"16568","saber","253","28925"
"16569","gold_sword","250","28922"
"16571","t.k._army_sword","251","28923"
"16572","bee_spatha","249","28921"
"16575","curtana","269","28941"
"16576","hunting_sword","280","28952"
"16577","bastard_sword","279","28951"
"16578","espadon","281","28953"
"16579","kaskara","278","28950"
"16580","bloodsword","287","28959"
"16581","holy_sword","286","28958"
"16582","vetala_sword","288","28960"
"16600","wax_sword","268","28940"
"16604","save_the_queen","252","28924"
"16605","enhancing_sword","250","28922"
"16608","gladiator","266","28938"
"16609","bloody_sword","267","28939"
"16610","wax_sword_+1","268","28940"
"16611","bee_spatha_+1","249","28921"
"16612","saber_+1","253","28925"
"16613","spirit_sword","286","28958"
"16614","knife_+1","160","28832"
"16615","falchion_+1","262","28934"
"16617","tuck_+1","184","28856"
"16618","mailbreaker_+1","187","28859"
"16619","epee_+1","190","28862"
"16620","mermans_sword","277","28949"
"16621","flame_sword","268","28940"
"16623","bronze_sword_+1","268","28940"
"16624","xiphos_+1","264","28936"
"16625","scimitar_+1","256","28928"
"16626","iron_sword_+1","270","28942"
"16627","spatha_+1","249","28921"
"16628","longsword_+1","251","28923"
"16629","small_sword","182","28854"
"16630","striker_sword","283","28955"
"16631","kaiser_sword","284","28956"
"16632","bilbo_+1","183","28855"
"16633","degen_+1","188","28860"
"16634","broadsword_+1","276","28948"
"16635","mythril_sword_+1","271","28943"
"16636","tulwar_+1","257","28929"
"16640","bronze_axe","76","28748"
"16641","brass_axe","77","28749"
"16642","bone_axe","80","28752"
"16643","battleaxe","78","28750"
"16644","mythril_axe","79","28751"
"16645","darksteel_axe","84","28756"
"16646","bronze_axe_+1","76","28748"
"16647","rune_axe","85","28757"
"16648","legionnaires_axe","78","28750"
"16649","bone_pick","90","28762"
"16650","war_pick","88","28760"
"16651","mythril_pick","89","28761"
"16652","darksteel_pick","87","28759"
"16653","nadziak","86","28758"
"16654","glyph_axe","519","29191"
"16655","rusty_pick","88","28760"
"16656","orcish_axe","91","28763"
"16657","tabar","83","28755"
"16658","darksteel_tabar","82","28754"
"16659","tabarzin","81","28753"
"16660","doom_tabar","81","28753"
"16661","brass_axe_+1","77","28749"
"16662","doom_tabar_+1","81","28753"
"16663","battleaxe_+1","78","28750"
"16664","war_pick_+1","88","28760"
"16665","mythril_axe_+1","79","28751"
"16666","bone_axe_+1","80","28752"
"16667","light_axe","78","28750"
"16668","bone_pick_+1","90","28762"
"16669","cmb.cst._axe","83","28755"
"16670","mythril_pick_+1","89","28761"
"16671","tabar_+1","83","28755"
"16672","tigerhunter","80","28752"
"16673","warriors_axe","78","28750"
"16674","emeth_pick","89","28761"
"16675","storm_axe","79","28751"
"16676","viking_axe","84","28756"
"16677","darksteel_axe_+1","84","28756"
"16678","razor_axe","78","28750"
"16679","wrath_tabar","82","28754"
"16680","barbaroi_axe","91","28763"
"16681","gerwitzs_axe","83","28755"
"16682","darksteel_pick_+1","87","28759"
"16683","dst._tabar_+1","82","28754"
"16684","kabrakans_axe","91","28763"
"16685","nadziak_+1","86","28758"
"16686","arcanabane","90","28762"
"16687","platoon_axe","77","28749"
"16736","dagger_+1","166","28838"
"16737","baselard_+1","169","28841"
"16738","mythril_dagger_+1","167","28839"
"16739","mythril_knife_+1","161","28833"
"16740","brass_dagger_+1","165","28837"
"16741","poison_dagger_+1","166","28838"
"16742","poison_knife_+1","160","28832"
"16743","python_baselard","169","28841"
"16744","ryl.sqr._dagger","170","28842"
"16745","decurions_dagger","167","28839"
"16746","mercenarys_knife","160","28832"
"16747","mrc.cpt._kukri","172","28844"
"16748","kukri_+1","172","28844"
"16749","kris_+1","178","28850"
"16750","mythril_kukri_+1","173","28845"
"16751","dst._knife_+1","158","28830"
"16752","fine_baselard","167","28839"
"16753","ceremonial_dagger","164","28836"
"16754","parrying_knife","176","28848"
"16755","archers_knife","161","28833"
"16756","leste_jambiya","379","29051"
"16757","corsairs_knife","171","28843"
"16758","dst._baselard_+1","168","28840"
"16759","darksteel_kris","178","28850"
"16760","darksteel_kris_+1","178","28850"
"16761","venom_kris_+1","178","28850"
"16762","venom_knife_+1","158","28830"
"16763","darksteel_kukri_+1","171","28843"
"16764","marauders_knife","160","28832"
"16765","lust_dagger","165","28837"
"16766","paper_knife","159","28831"
"16767","triple_dagger","179","28851"
"16800","knights_sword_+1","252","28924"
"16801","sapara_+1","255","28927"
"16802","brass_xiphos_+1","265","28937"
"16803","fleuret_+1","191","28863"
"16804","flame_blade_+1","262","28934"
"16805","ryl.grd._fleuret","193","28865"
"16806","centurions_sword","271","28943"
"16807","cmb.cst._scimitar","257","28929"
"16808","wis.wiz._bilbo","182","28854"
"16809","wis.wiz._anelace","274","28946"
"16810","tct.mag._espadon","280","28952"
"16811","dst._sword_+1","267","28939"
"16812","war_sword","280","28952"
"16813","schlaeger_+1","186","28858"
"16814","crescent_sword","260","28932"
"16815","mythril_degen_+1","189","28861"
"16816","holy_sword_+1","286","28958"
"16817","holy_degen_+1","189","28861"
"16818","san_dorian_sword","251","28923"
"16819","mithran_scimitar","256","28928"
"16820","strider_sword","270","28942"
"16821","duel_rapier","187","28859"
"16822","crimson_blade","268","28940"
"16823","flame_degen_+1","188","28860"
"16824","carnage_rapier","188","28860"
"16825","cermet_sword_+1","273","28945"
"16826","divine_sword_+1","276","28948"
"16827","carnage_blade","262","28934"
"16828","bastard_sword_+1","279","28951"
"16829","fencing_degen","188","28860"
"16830","gluttony_sword","287","28959"
"16831","greed_scimitar","282","28954"
"16896","kunai","315","28987"
"16897","kageboshi","314","28986"
"16898","cmb.cst._kusabi","314","28986"
"16899","hototogisu","315","28987"
"16900","wakizashi","310","28982"
"16901","kodachi","311","28983"
"16902","sakurafubuki","312","28984"
"16903","kabutowari","313","28985"
"16904","fudo","309","28981"
"16905","bokuto","310","28982"
"16906","mokuto","310","28982"
"16907","busuto","310","28982"
"16908","yoto","310","28982"
"16909","kororito","310","28982"
"16910","mamushito","310","28982"
"16911","amanojaku","310","28982"
"16912","kitsutsuki","315","28987"
"16913","shinogi","311","28983"
"16914","kunai_+1","315","28987"
"16915","hien","315","28987"
"16916","hien_+1","315","28987"
"16917","suzume","315","28987"
"16918","wakizashi_+1","310","28982"
"16919","shinobi-gatana","310","28982"
"16920","shinobi-gatana_+1","310","28982"
"16921","kodachi_+1","311","28983"
"16922","sakurafubuki_+1","312","28984"
"16923","kabutowari_+1","313","28985"
"16924","hocho","312","28984"
"16925","mokuto_+1","310","28982"
"16926","bokuto_+1","310","28982"
"16927","busuto_+1","310","28982"
"17024","ash_club","108","28780"
"17025","chestnut_club","109","28781"
"17026","bone_cudgel","101","28773"
"17027","oak_cudgel","100","28772"
"17028","freeswords_club","108","28780"
"17029","bouncer_club","109","28781"
"17030","great_club","111","28783"
"17031","shell_scepter","592","29264"
"17032","gobbie_gavel","593","29265"
"17033","bone_cudgel_+1","101","28773"
"17034","bronze_mace","104","28776"
"17035","mace","106","28778"
"17036","mythril_mace","107","28779"
"17037","darksteel_mace","103","28775"
"17038","buzdygan","102","28774"
"17039","platinum_mace","105","28777"
"17040","warp_cudgel","100","28772"
"17041","holy_mace","107","28779"
"17042","bronze_hammer","113","28785"
"17043","brass_hammer","114","28786"
"17044","warhammer","115","28787"
"17045","maul","116","28788"
"17046","darksteel_maul","112","28784"
"17047","magnus_hammer","116","28788"
"17048","decurions_hammer","115","28787"
"17049","maple_wand","227","28899"
"17050","willow_wand","232","28904"
"17051","yew_wand","226","28898"
"17052","chestnut_wand","231","28903"
"17053","rose_wand","230","28902"
"17054","ebony_wand","225","28897"
"17056","mythic_wand","228","28900"
"17057","tefnut_wand","532","29204"
"17058","caduceus","233","28905"
"17059","bronze_rod","220","28892"
"17060","rod","222","28894"
"17061","mythril_rod","223","28895"
"17062","bone_rod","224","28896"
"17063","darksteel_rod","219","28891"
"17064","scepter","218","28890"
"17065","platinum_rod","221","28893"
"17066","molva_maul","114","28786"
"17067","ryl._guards_rod","221","28893"
"17068","onion_rod","220","28892"
"17069","moepapa_mace","107","28779"
"17070","living_rod","221","28893"
"17071","heat_rod","220","28892"
"17072","liliths_rod","220","28892"
"17073","mistilteinn","229","28901"
"17074","chocobo_wand","236","28908"
"17075","star_rod","240","28912"
"17076","earth_wand","244","28916"
"17077","beneficus","218","28890"
"17078","siriti","233","28905"
"17079","winged_wand","228","28900"
"17080","holy_maul","116","28788"
"17081","brass_rod","221","28893"
"17082","tct.mag._wand","231","28903"
"17083","time_hammer","115","28787"
"17085","holy_wand","228","28900"
"17086","bronze_mace_+1","104","28776"
"17087","maple_wand_+1","227","28899"
"17111","bronze_rod_+1","220","28892"
"17113","owleyes","524","29196"
"17114","holy_maul_+1","116","28788"
"17115","warhammer_+1","115","28787"
"17121","maul_+1","116","28788"
"17136","sloth_wand","230","28902"
"17137","ash_club_+1","108","28780"
"17138","willow_wand_+1","232","28904"
"17139","solid_club","109","28781"
"17140","yew_wand_+1","226","28898"
"17141","solid_wand","231","28903"
"17142","oak_cudgel_+1","100","28772"
"17143","rose_wand_+1","230","28902"
"17144","bronze_hammer_+1","113","28785"
"17145","mace_+1","106","28778"
"17146","rod_+1","222","28894"
"17147","mythril_mace_+1","107","28779"
"17148","brass_rod_+1","221","28893"
"17149","brass_hammer_+1","114","28786"
"17150","ryl.sqr._mace","106","28778"
"17151","msk.cmd._rod","219","28891"
"17408","great_club_+1","111","28783"
"17409","mythril_rod_+1","223","28895"
"17410","bone_rod_+1","224","28896"
"17411","holy_mace_+1","107","28779"
"17412","wild_cudgel","101","28773"
"17413","hermits_wand","232","28904"
"17414","pixie_mace","107","28779"
"17415","shellbuster","110","28782"
"17416","arcana_breaker","113","28785"
"17417","rabbit_stick","228","28900"
"17418","moonlight_wand","228","28900"
"17419","artemiss_wand","228","28900"
"17420","selenes_wand","228","28900"
"17421","moonwatch_wand","228","28900"
"17422","blessed_hammer","115","28787"
"17423","casting_wand","226","28898"
"17426","replica_maul","116","28788"
"17427","ebony_wand_+1","225","28897"
"17428","darksteel_mace_+1","103","28775"
"17429","dominion_mace","105","28777"
"17430","fey_wand","248","28920"
"17431","platinum_mace_+1","105","28777"
"17432","darksteel_maul_+1","112","28784"
"17433","mythic_wand_+1","228","28900"
"17434","holy_wand_+1","228","28900"
"17435","darksteel_rod_+1","219","28891"
"17436","platinum_rod_+1","221","28893"
"17437","curse_wand","242","28914"
"17438","titans_cudgel","100","28772"
"17439","leviathans_rod","221","28893"
"17440","kraken_club","110","28782"
"17441","eremites_wand","232","28904"
"17442","eremites_wand_+1","232","28904"
"17443","thoths_wand","228","28900"
"17444","windurstian_club","108","28780"
"17445","federation_club","108","28780"
"17446","t.m._wand_+1","231","28903"
"17447","t.m._wand_+2","231","28903"
"17448","san_dorian_mace","106","28778"
"17449","kingdom_mace","106","28778"
"17450","healing_mace","104","28776"
"17451","morgenstern","360","29032"
"17452","bastokan_hammer","115","28787"
"17453","republic_hammer","115","28787"
"17454","asklepios","241","28913"
"17455","skirnirs_wand","243","28915"
"17456","club_of_trials","108","28780"
"17457","snr.msk._rod","218","28890"
"17458","rsv.cpt._mace","105","28777"
"17459","scepter_+1","218","28890"
"17460","buzdygan_+1","102","28774"
"17461","rune_rod","336","29008"
"17462","platoon_mace","104","28776"
"17463","sealed_mace","106","28778"
"17464","purgatory_mace","103","28775"
"17465","mighty_cudgel","100","28772"
"17466","dia_wand","227","28899"
"17467","martial_wand","242","28914"
"17468","raise_rod","223","28895"
"17469","raise_ii_rod","223","28895"
"17470","pealing_buzdygan","102","28774"
"17471","horrent_mace","103","28775"
"17600","stun_knife_+1","162","28834"
"17601","demons_knife","180","28852"
"17602","demons_knife_+1","180","28852"
"17603","cermet_kukri_+1","174","28846"
"17604","venom_kukri_+1","171","28843"
"17605","acid_dagger","167","28839"
"17606","corrosive_dagger","167","28839"
"17607","corrosive_baselard","170","28842"
"17608","corrosive_knife","161","28833"
"17609","cermet_knife_+1","162","28834"
"17610","bone_knife","180","28852"
"17611","bone_knife_+1","180","28852"
"17612","beetle_knife","180","28852"
"17613","beetle_knife_+1","180","28852"
"17614","stun_kukri_+1","174","28846"
"17615","chicken_knife","159","28831"
"17616","dagger_of_trials","164","28836"
"17617","mst.cst._knife","180","28852"
"17618","kidney_dagger","169","28841"
"17619","daylight_dagger","170","28842"
"17620","misericorde_+1","163","28835"
"17621","gully_+1","157","28829"
"17622","buccaneers_knife","173","28845"
"17623","btm._knife","173","28845"
"17624","anubiss_knife","157","28829"
"17625","ponderous_gully","157","28829"
"17626","auric_dagger","517","29189"
"17627","garudas_dagger","166","28838"
"17628","behemoth_knife","180","28852"
"17629","behem._knife_+1","180","28852"
"17630","hawkers_knife","161","28833"
"17631","hawkers_knife_+1","161","28833"
"17632","colichemarde_+1","181","28853"
"17633","rapier_+1","187","28859"
"17634","wasp_fleuret","193","28865"
"17635","schwert_+1","192","28864"
"17636","jagdplaute_+1","269","28941"
"17637","wing_sword_+1","288","28960"
"17638","katzbalger_+1","275","28947"
"17639","cutlass_+1","263","28935"
"17640","ptm._cutlass_+1","261","28933"
"17641","gold_sword_+1","250","28922"
"17642","hanger_+1","258","28930"
"17643","honor_sword","252","28924"
"17644","judges_sword","390","29062"
"17645","espadon_+1","281","28953"
"17646","carnage_sword","267","28939"
"17647","aramiss_rapier","187","28859"
"17648","dragvandil","280","28952"
"17649","nightmare_sword","267","28939"
"17650","nadrs","282","28954"
"17651","dainslaif","272","28944"
"17652","joyeuse","185","28857"
"17653","hrotti","278","28950"
"17654","sapara_of_trials","255","28927"
"17655","snr.msk._scimitar","261","28933"
"17656","verdun_+1","185","28857"
"17657","anelace_+1","274","28946"
"17658","tutelary","184","28856"
"17659","seiryus_sword","259","28931"
"17660","kilij","375","29047"
"17661","storm_scimitar","282","28954"
"17662","company_sword","281","28953"
"17663","kilij_+1","375","29047"
"17664","firmament","277","28949"
"17665","ifrits_blade","255","28927"
"17666","jr.msk._tuck_+1","184","28856"
"17667","jr.msk._tuck_+2","184","28856"
"17668","firmament_+1","277","28949"
"17669","sagasinger","528","29200"
"17670","t.k._sword_+1","251","28923"
"17671","t.k._sword_+2","251","28923"
"17672","bastokan_sword","271","28943"
"17673","republic_sword","271","28943"
"17674","cmb.cst.scmtr._+1","257","28929"
"17675","cmb.cst.scmtr._+2","257","28929"
"17676","t.m._espadon_+1","280","28952"
"17677","t.m._espadon_+2","280","28952"
"17678","san_dorian_sword","265","28937"
"17679","kingdom_sword","265","28937"
"17680","msk._sword_+1","188","28860"
"17681","msk._sword_+2","188","28860"
"17682","sacred_sword","286","28958"
"17683","sacred_degen","189","28861"
"17684","griffinclaw","250","28922"
"17685","lex_talionis","184","28856"
"17686","spark_bilbo","184","28856"
"17687","spark_bilbo_+1","184","28856"
"17688","spark_degen","189","28861"
"17689","spark_degen_+1","189","28861"
"17690","spark_rapier","187","28859"
"17691","spark_rapier_+1","187","28859"
"17692","platoon_spatha","249","28921"
"17693","grudge_sword","252","28924"
"17694","guespiere","186","28858"
"17695","bayards_sword","273","28945"
"17696","buzzard_tuck","184","28856"
"17697","mighty_talwar","257","28929"
"17698","princely_sword","278","28950"
"17699","dissector","285","28957"
"17700","durandal","277","28949"
"17701","shotel","358","29030"
"17702","shotel_+1","358","29030"
"17703","pealing_anelace","274","28946"
"17704","vulcan_sword","268","28940"
"17705","vulcan_degen","188","28860"
"17706","vulcan_blade","263","28935"
"17707","martial_anelace","274","28946"
"17708","auriga_xiphos","264","28936"
"17709","swan_bilbo","181","28853"
"17710","justice_sword","254","28926"
"17711","shivas_shotel","358","29030"
"17712","kaskara_+1","278","28950"
"17713","macuahuitl","381","29053"
"17714","macuahuitl_+1","381","29053"
"17715","storm_tulwar","257","28929"
"17716","macuahuitl_-1","381","29053"
"17717","immortals_scimitar","282","28954"
"17718","leech_scimitar","256","28928"
"17719","mensur_epee","193","28865"
"17720","company_fleuret","191","28863"
"17721","sanguine_sword","390","29062"
"17722","phantom_fleuret","191","28863"
"17723","singh_kilij","375","29047"
"17724","darksteel_kilij","382","29054"
"17725","darksteel_kilij_+1","382","29054"
"17726","immortals_shotel","358","29030"
"17727","adaman_kilij","384","29056"
"17728","adaman_kilij_+1","384","29056"
"17729","vermin_slayer","382","29054"
"17730","insect_slayer","382","29054"
"17731","aquan_slayer","382","29054"
"17732","marine_slayer","382","29054"
"17733","dragon_slayer","384","29056"
"17734","wyrm_slayer","384","29056"
"17735","demon_slayer","384","29056"
"17736","devil_slayer","384","29056"
"17737","corsairs_scimitar","256","28928"
"17738","hauteclaire","399","29071"
"17739","steel_kilij","402","29074"
"17740","steel_kilij_+1","402","29074"
"17741","perdu_hanger","258","28930"
"17742","vorpal_sword","191","28863"
"17743","wightslayer","375","29047"
"17744","brave_blade","281","28953"
"17745","hofud","404","29076"
"17746","cermet_kilij","402","29074"
"17747","cermet_kilij_+1","402","29074"
"17748","ibushi_shinai","412","29084"
"17749","ibushi_shinai_+1","412","29084"
"17750","anthos_xiphos","264","28936"
"17751","fragarach","431","29103"
"17753","organics","445","29117"
"17754","sylphid_epee","190","28862"
"17755","beast_slayer","402","29074"
"17756","sinfender","256","28928"
"17757","merveilleuse","250","28922"
"17758","ruler","253","28925"
"17759","koggelmander","266","28938"
"17760","buc._scimitar","258","28930"
"17761","oberons_rapier","187","28859"
"17762","erlkings_sword","275","28947"
"17763","erlkings_blade","260","28932"
"17764","trainee_sword","253","28925"
"17765","concordia","460","29132"
"17766","lyft_scimitar","255","28927"
"17767","chipped_scimitar","256","28928"
"17768","yoto_+1","310","28982"
"17769","kororito_+1","310","28982"
"17770","mamushito_+1","310","28982"
"17771","anju","315","28987"
"17772","zushio","311","28983"
"17773","kodachi_of_trials","311","28983"
"17774","shiranui","313","28985"
"17775","fukuro","314","28986"
"17776","hibari","315","28987"
"17777","hibari_+1","315","28987"
"17778","muketsu","312","28984"
"17779","muketsu_+1","312","28984"
"17780","kyofu","310","28982"
"17781","kyofu_+1","310","28982"
"17782","reppu","311","28983"
"17783","reppu_+1","311","28983"
"17784","keppu","312","28984"
"17785","keppu_+1","312","28984"
"17786","ganko","314","28986"
"17787","ohaguro","314","28986"
"17788","sairen","312","28984"
"17789","unsho","312","28984"
"17790","unji","312","28984"
"17791","rai_kunimitsu","311","28983"
"17792","nikkariaoe","312","28984"
"17793","senjuinrikio","313","28985"
"17794","niokiyotsuna","311","28983"
"17795","sai","367","29039"
"17796","sai_+1","367","29039"
"17797","seito","310","28982"
"17798","shamo","313","28985"
"17799","imanotsurugi","371","29043"
"17924","tungi","91","28763"
"17925","fransisca","91","28763"
"17926","acha_darmas","81","28753"
"17927","lohar","86","28758"
"17928","juggernaut","91","28763"
"17929","bastokan_axe","78","28750"
"17930","republic_axe","78","28750"
"17931","cmb.cst._axe_+1","83","28755"
"17932","cmb.cst._axe_+2","83","28755"
"17933","pick_of_trials","90","28762"
"17934","rsv.cpt._pick","86","28758"
"17935","tabarzin_+1","81","28753"
"17936","de_saintres_axe","76","28748"
"17937","leopard_axe","77","28749"
"17938","woodvilles_axe","83","28755"
"17939","kriegsbeil","91","28763"
"17940","military_pick","88","28760"
"17941","mighty_pick","87","28759"
"17942","tomahawk","353","29025"
"17943","tomahawk_+1","353","29025"
"17944","retributor","353","29025"
"17945","martial_axe","76","28748"
"17946","maneater","82","28754"
"17947","garde_pick","89","28761"
"17948","temperance_axe","85","28757"
"17949","furnace_tabarzin","81","28753"
"17950","marid_ancus","86","28758"
"17951","storm_tabar","82","28754"
"17952","sirius_axe","387","29059"
"17953","zoraal_jas_axe","353","29025"
"17954","jolt_axe","76","28748"
"17955","plain_pick","88","28760"
"17956","double_axe","84","28756"
"17957","navy_axe","79","28751"
"17958","iron_ram_pick","88","28760"
"17959","viperine_pick","88","28760"
"17960","labrys","433","29105"
"17961","lion_tamer","88","28760"
"17962","fleetwing","84","28756"
"17963","rainmaker","353","29025"
"17964","barkborer","90","28762"
"17965","sirocco_axe","79","28751"
"17966","erlkings_tabar","82","28754"
"17967","felling_axe","77","28749"
"17968","veldt_axe","77","28749"
"17969","fendoir","76","28748"
"17970","lyft_tabar","81","28753"
"17971","tartaglia","79","28751"
"17972","san._dagger","167","28839"
"17973","kingdom_dagger","167","28839"
"17974","bastokan_dagger","167","28839"
"17975","republic_dagger","167","28839"
"17976","windurstian_knife","160","28832"
"17977","federation_knife","160","28832"
"17978","windurstian_kukri","172","28844"
"17979","federation_kukri","172","28844"
"17980","hornetneedle","163","28835"
"17981","bano_del_sol","177","28849"
"17982","kard","317","28989"
"17983","valiant_knife","157","28829"
"17984","spark_dagger","166","28838"
"17985","spark_dagger_+1","166","28838"
"17986","spark_baselard","170","28842"
"17987","spark_baselard_+1","170","28842"
"17988","spark_kris","178","28850"
"17989","spark_kris_+1","178","28850"
"17990","cmb.cst.dagger_+1","177","28849"
"17991","cmb.cst.dagger_+2","177","28849"
"17992","tritons_dagger","179","28851"
"17993","platoon_dagger","165","28837"
"17994","calveleys_dagger","395","29067"
"17995","jongleurs_dagger","164","28836"
"17996","stylet","169","28841"
"17997","argent_dagger","346","29018"
"17998","thanatos_baselard","168","28840"
"17999","taillefers_dagger","179","28851"
"18000","mighty_knife","158","28830"
"18001","harpe","354","29026"
"18002","perseuss_harpe","354","29026"
"18003","swordbreaker","175","28847"
"18004","trailers_kukri","174","28846"
"18005","heart_snatcher","175","28847"
"18006","hoplites_harpe","354","29026"
"18007","chiroptera_dagger","346","29018"
"18008","hushed_dagger","165","28837"
"18009","martial_knife","158","28830"
"18010","melt_dagger","167","28839"
"18011","melt_knife","161","28833"
"18012","melt_baselard","170","28842"
"18013","melt_kukri","173","28845"
"18014","odorous_knife","317","28989"
"18015","blau_dolch","163","28835"
"18016","odorous_knife_+1","317","28989"
"18017","asn._jambiya","379","29051"
"18018","sirocco_kukri","171","28843"
"18019","xs_knife","180","28852"
"18020","mercurial_kris","178","28850"
"18021","titans_baselarde","169","28841"
"18022","adaman_kris_+1","177","28849"
"18023","jambiya","379","29051"
"18024","jambiya_+1","379","29051"
"18025","khanjar","177","28849"
"18026","magnet_knife","158","28830"
"18027","palladium_dagger","395","29067"
"18028","matrons_knife","396","29068"
"18029","piercing_dagger","165","28837"
"18030","khimaira_jambiya","398","29070"
"18031","amir_jambiya","398","29070"
"18032","adder_jambiya","398","29070"
"18033","adder_jambiya_+1","398","29070"
"18034","dancing_dagger","346","29018"
"18035","deathbone_knife","180","28852"
"18266","relic_dagger","163","28835"
"18267","malefic_dagger","163","28835"
"18268","dynamis_dagger","163","28835"
"18269","batardeau","163","28835"
"18270","mandau","334","29006"
"18271","mandau","334","29006"
"18272","relic_sword","269","28941"
"18273","glyptic_sword","269","28941"
"18274","dynamis_sword","269","28941"
"18275","caliburn","269","28941"
"18276","excalibur","320","28992"
"18277","excalibur","320","28992"
"18284","relic_axe","91","28763"
"18285","leonine_axe","91","28763"
"18286","dynamis_axe","91","28763"
"18287","ogre_killer","91","28763"
"18288","guttler","347","29019"
"18289","guttler","347","29019"
"18308","ihintanto","309","28981"
"18309","mimizuku","309","28981"
"18310","rogetsu","309","28981"
"18311","yoshimitsu","309","28981"
"18312","kikoku","344","29016"
"18313","kikoku","344","29016"
"18320","relic_maul","114","28786"
"18321","battering_maul","114","28786"
"18322","dynamis_maul","114","28786"
"18323","gullintani","114","28786"
"18324","mjollnir","307","28979"
"18325","mjollnir","307","28979"
"18390","templar_hammer","113","28785"
"18391","sacred_mace","107","28779"
"18392","sacred_maul","116","28788"
"18393","sacred_wand","228","28900"
"18394","pilgrims_wand","242","28914"
"18395","seawolf_cudgel","100","28772"
"18396","sea_rob._cudgel","101","28773"
"18397","prudence_rod","336","29008"
"18398","raphaels_rod","240","28912"
"18399","charm_wand","373","29045"
"18400","charm_wand_+1","373","29045"
"18401","moogle_rod","374","29046"
"18402","mana_wand","232","28904"
"18403","high_mana_wand","231","28903"
"18404","ramuhs_mace","360","29032"
"18405","jadagna","380","29052"
"18406","jadagna_+1","380","29052"
"18407","imperial_wand","245","28917"
"18408","yigit_bulawa","360","29032"
"18409","jadagna_-1","380","29052"
"18410","melt_katana","310","28982"
"18411","buboso","314","28986"
"18412","gassan","312","28984"
"18413","hirenjaku","371","29043"
"18414","hirenjaku_+1","371","29043"
"18415","tojaku","371","29043"
"18416","karasuageha","314","28986"
"18417","sayosamonji","311","28983"
"18418","otori","367","29039"
"18419","kugui","367","29039"
"18420","hayabusa","394","29066"
"18421","hayabusa_+1","394","29066"
"18422","ryumon","389","29061"
"18423","izayoi","400","29072"
"18424","izayoi_+1","400","29072"
"18425","perdu_blade","394","29066"
"18426","sasuke_katana","389","29061"
"18427","hanafubuki","312","28984"
"18428","kogitsunemaru","400","29072"
"18429","shusui","439","29111"
"18430","oninohocho","447","29119"
"18531","veldt_axe_+1","77","28749"
"18532","cleofun_axe","91","28763"
"18533","magnus_axe","81","28753"
"18534","charmers_merlin","81","28753"
"18535","carabiniers_axe","78","28750"
"18536","artios_axe","78","28750"
"18537","maiden_tabar","82","28754"
"18538","maiden_tabar_+1","82","28754"
"18539","tonatiuh_axe","591","29263"
"18540","barbican_axe","89","28761"
"18541","tjukurrpa_axe","82","28754"
"18542","aytanri","591","29263"
"18543","breidox","82","28754"
"18544","breidox_+1","82","28754"
"18545","ark_tabar","587","29259"
"18546","gibbous_axe","531","29203"
"18547","ravanas_axe","600","29272"
"18638","mandau","334","29006"
"18639","excalibur","320","28992"
"18641","guttler","347","29019"
"18645","kikoku","344","29016"
"18647","mjollnir","307","28979"
"18652","mandau","334","29006"
"18653","excalibur","320","28992"
"18655","guttler","347","29019"
"18659","kikoku","344","29016"
"18661","mjollnir","307","28979"
"18666","mandau","334","29006"
"18667","excalibur","320","28992"
"18669","guttler","347","29019"
"18673","kikoku","344","29016"
"18675","mjollnir","307","28979"
"18827","oxossi_facon","597","29269"
"18828","oxossi_facon_+1","597","29269"
"18829","blustery_dagger","175","28847"
"18830","gusterion","175","28847"
"18841","templar_mace","105","28777"
"18842","nmd._moogle_rod","383","29055"
"18843","flan_smasher","103","28775"
"18844","miracle_wand","373","29045"
"18845","miracle_wand_+1","373","29045"
"18846","battledore","397","29069"
"18847","seveneyes","359","29031"
"18848","brass_jadagna","401","29073"
"18849","brass_jadagna_+1","401","29073"
"18850","perdu_wand","228","28900"
"18851","werebuster","111","28783"
"18852","octave_club","110","28782"
"18853","spirit_maul","116","28788"
"18854","fourth_mace","105","28777"
"18855","trainee_hammer","115","28787"
"18856","deae_gratia","102","28774"
"18857","antares","437","29109"
"18858","flanged_mace","446","29118"
"18859","kerykeion","233","28905"
"18860","flanged_mace_+1","446","29118"
"18861","grandeur","241","28913"
"18862","clearpath","223","28895"
"18863","dream_bell","449","29121"
"18864","dream_bell_+1","449","29121"
"18865","zonure","360","29032"
"18866","club_hammer","454","29126"
"18867","daedalus_hammer","113","28785"
"18868","lady_bell","456","29128"
"18869","lady_bell_+1","456","29128"
"18870","dweomer_maul","112","28784"
"18871","kitty_rod","240","28912"
"18872","lyft_ferule","228","28900"
"18873","brise-os","401","29073"
"18874","brise-os_+1","401","29073"
"18875","vodun_mace","103","28775"
"18876","vodun_mace_+1","103","28775"
"18877","robur_mace","103","28775"
"18878","robur_mace_+1","103","28775"
"18879","rounsey_wand","535","29207"
"18880","maestros_baton","539","29211"
"18881","melomane_mallet","540","29212"
"18882","beaivis_scepter","221","28893"
"18883","luckitoo","360","29032"
"18884","vejovis_wand","225","28897"
"18885","vejovis_wand_+1","225","28897"
"18886","dhyana_rod","595","29267"
"18887","dukkha","595","29267"
"18888","ankylosis_wand","599","29271"
"18891","hannibals_sword","285","28957"
"18892","corbenic_sword","269","28941"
"18893","magnus_sword","273","28945"
"18894","accolade_sword","281","28953"
"18895","chimeric_fleuret","193","28865"
"18896","honorbound","390","29062"
"18897","isador","402","29074"
"18898","mageblade","267","28939"
"18899","runic_anelace","274","28946"
"18900","skeld_sword","281","28953"
"18901","falcata","269","28941"
"18902","falcata_+1","269","28941"
"18903","talekeeper","528","29200"
"18904","ephemeron","538","29210"
"18905","swiftwing","288","28960"
"18906","galenus","266","28938"
"18907","devourer","287","28959"
"18908","dhampyr_sword","275","28947"
"18909","sanus_ensis","582","29254"
"18910","apaisante","266","28938"
"18911","apaisante_+1","266","28938"
"18912","ark_saber","584","29256"
"18913","ark_sword","585","29257"
"18914","killers_kilij","384","29056"
"18915","eradicators_kilij","384","29056"
"18916","heimdalls_doom","404","29076"
"18969","terpsichore","428","29100"
"18973","yagrush","415","29087"
"18975","murgleis","420","29092"
"18976","vajra","422","29094"
"18977","burtgang","426","29098"
"18979","aymur","413","29085"
"18980","carnwenhan","427","29099"
"18983","nagi","421","29093"
"18986","tizona","419","29091"
"18989","terpsichore","428","29100"
"18993","yagrush","415","29087"
"18995","murgleis","420","29092"
"18996","vajra","422","29094"
"18997","burtgang","426","29098"
"18999","aymur","413","29085"
"19000","carnwenhan","427","29099"
"19003","nagi","421","29093"
"19006","tizona","419","29091"
"19062","yagrush","415","29087"
"19064","murgleis","420","29092"
"19065","vajra","422","29094"
"19066","burtgang","426","29098"
"19068","aymur","413","29085"
"19069","carnwenhan","427","29099"
"19072","nagi","421","29093"
"19075","tizona","419","29091"
"19078","terpsichore","428","29100"
"19082","yagrush","415","29087"
"19084","murgleis","420","29092"
"19085","vajra","422","29094"
"19086","burtgang","426","29098"
"19088","aymur","413","29085"
"19089","carnwenhan","427","29099"
"19092","nagi","421","29093"
"19095","tizona","419","29091"
"19098","terpsichore","428","29100"
"19100","cobra_knife","180","28852"
"19101","trainee_knife","317","28989"
"19102","main_gauche","176","28848"
"19103","darksteel_jambiya","409","29081"
"19104","dst._jambiya_+1","409","29081"
"19105","thugs_jambiya","379","29051"
"19106","thugs_jambiya_+1","379","29051"
"19107","azoth","430","29102"
"19108","zareehkl_jambiya","409","29081"
"19109","trilling_dagger","168","28840"
"19110","trainees_needle","169","28841"
"19111","silktone","168","28840"
"19112","farseer","168","28840"
"19113","ermines_tail","450","29122"
"19114","galkan_dagger","168","28840"
"19115","fane_baselard","168","28840"
"19116","dweomer_knife","158","28830"
"19117","ogre_jambiya","409","29081"
"19118","machismo","459","29131"
"19119","ranging_knife","180","28852"
"19120","avis","410","29082"
"19121","sleight_kukri","174","28846"
"19122","coursers_pugio","162","28834"
"19123","cinquedea","158","28830"
"19124","creve-coeur","379","29051"
"19125","lyft_jambiya","379","29051"
"19126","papilio_kirpan","409","29081"
"19127","ranging_knife_+1","180","28852"
"19128","edgeless_knife","160","28832"
"19129","rapidus_sax","179","28851"
"19130","clement_skean","163","28835"
"19131","magnus_dagger","163","28835"
"19132","twilight_knife","527","29199"
"19133","triplus_dagger","177","28849"
"19134","felibres_dague","158","28830"
"19135","acinaces","379","29051"
"19136","phurba","162","28834"
"19137","angr_harpe","354","29026"
"19138","verus_knife","158","28830"
"19139","verus_knife_+1","158","28830"
"19140","mantodea_harpe","533","29205"
"19141","oneiros_knife","158","28830"
"19142","gnadgott","168","28840"
"19143","lux_pugio","534","29206"
"19144","coruscanti","536","29208"
"19145","asteria","541","29213"
"19146","supernal_knife","395","29067"
"19147","janamaraka","379","29051"
"19148","pugiunculus","168","28840"
"19149","strategema_knife","157","28829"
"19271","osoraku","313","28985"
"19272","yagentoshiro","312","28984"
"19273","onishibari","394","29066"
"19274","trainee_burin","315","28987"
"19275","tsukumo","314","28986"
"19276","midare","312","28984"
"19277","tsugumi","315","28987"
"19278","fuchingiri","309","28981"
"19279","musanto","311","28983"
"19280","narigitsune","309","28981"
"19281","midare_+1","312","28984"
"19282","hochomasamune","522","29194"
"19283","rusty_kunai","315","28987"
"19284","hiwa","314","28986"
"19285","kakko","400","29072"
"19286","kakko_+1","400","29072"
"19287","kamome","314","28986"
"19288","sekirei","312","28984"
"19289","toki","310","28982"
"19290","aizenkunitoshi","313","28985"
"19291","oirandori","394","29066"
"19292","kogara","314","28986"
"19293","ichi-an","312","28984"
"19294","ichi-an_+1","312","28984"
"19295","mujin_tanto","313","28985"
"19296","ban","315","28987"
"19297","kakesu","313","28985"
"19298","ikarigiri","589","29261"
"19299","aisa","313","28985"
"19300","aisa_+1","313","28985"
"19301","kawasemi","400","29072"
"19302","uguisu","605","29277"
"19332","peeler","159","28831"
"19333","renegade","161","28833"
"19334","kartika","410","29082"
"19335","athame","176","28848"
"19336","dakini","180","28852"
"19337","side-sword","268","28940"
"19338","schiavona","270","28942"
"19339","nobilis","277","28949"
"19340","antea","283","28955"
"19341","soulsaber","253","28925"
"19347","chopper","91","28763"
"19348","splinter","83","28755"
"19349","bonebiter","82","28754"
"19350","punisher","88","28760"
"19351","skeggiold","78","28750"
"19367","kibashiri","310","28982"
"19368","koruri","312","28984"
"19369","mozu","313","28985"
"19370","isatu","367","29039"
"19371","kuina","312","28984"
"19377","stenz","113","28785"
"19378","rageblow","115","28787"
"19379","culacula","116","28788"
"19380","goedendag","103","28775"
"19381","ingrimm","243","28915"
"19398","twashtar","465","29137"
"19399","almace","466","29138"
"19401","farsha","468","29140"
"19405","kannagi","513","29185"
"19407","gambanteinn","515","29187"
"19416","daka","379","29051"
"19417","parazonium","176","28848"
"19418","kila","180","28852"
"19419","fusetto","168","28840"
"19420","badelaire","277","28949"
"19421","khanda","283","28955"
"19422","shamshir","253","28925"
"19423","machaera","381","29053"
"19428","alards_axe","82","28754"
"19429","richardets_axe","88","28760"
"19430","guichards_axe","78","28750"
"19431","renauds_axe","78","28750"
"19444","tobi","313","28985"
"19445","enchu","367","29039"
"19446","sekka","312","28984"
"19447","uzura","310","28982"
"19452","canne_de_combat","116","28788"
"19453","naboot","103","28775"
"19454","hoeroa","244","28916"
"19455","makhila","111","28783"
"19457","twashtar","465","29137"
"19458","almace","466","29138"
"19460","farsha","468","29140"
"19464","kannagi","513","29185"
"19466","gambanteinn","515","29187"
"19474","daka_+1","379","29051"
"19475","parazonium_+1","176","28848"
"19476","kila_+1","180","28852"
"19477","fusetto_+1","168","28840"
"19478","badelaire_+1","277","28949"
"19479","khanda_+1","283","28955"
"19480","shamshir_+1","253","28925"
"19481","machaera_+1","381","29053"
"19486","alards_axe_+1","82","28754"
"19487","richardets_axe_+1","88","28760"
"19488","guichards_axe_+1","78","28750"
"19489","renauds_axe_+1","78","28750"
"19502","tobi_+1","313","28985"
"19503","enchu_+1","367","29039"
"19504","sekka_+1","312","28984"
"19505","uzura_+1","310","28982"
"19510","canne_de_cbt._+1","116","28788"
"19511","naboot_+1","103","28775"
"19512","hoeroa_+1","244","28916"
"19513","makhila_+1","111","28783"
"19535","twashtar","465","29137"
"19536","almace","466","29138"
"19538","farsha","468","29140"
"19542","kannagi","513","29185"
"19544","gambanteinn","515","29187"
"19552","daka_+2","379","29051"
"19553","parazonium_+2","176","28848"
"19554","kila_+2","180","28852"
"19555","fusetto_+2","168","28840"
"19556","badelaire_+2","277","28949"
"19557","khanda_+2","283","28955"
"19558","shamshir_+2","253","28925"
"19559","machaera_+2","381","29053"
"19564","alards_axe_+2","82","28754"
"19565","richard._axe_+2","88","28760"
"19566","guichards_axe_+2","78","28750"
"19567","renauds_axe_+2","78","28750"
"19580","tobi_+2","313","28985"
"19581","enchu_+2","367","29039"
"19582","sekka_+2","312","28984"
"19583","uzura_+2","310","28982"
"19588","canne_de_cbt._+2","116","28788"
"19589","naboot_+2","103","28775"
"19590","hoeroa_+2","244","28916"
"19591","makhila_+2","111","28783"
"19614","yagrush","415","29087"
"19616","murgleis","420","29092"
"19617","vajra","422","29094"
"19618","burtgang","426","29098"
"19620","aymur","413","29085"
"19621","carnwenhan","427","29099"
"19624","nagi","421","29093"
"19627","tizona","419","29091"
"19630","terpsichore","428","29100"
"19633","twashtar","465","29137"
"19634","almace","466","29138"
"19636","farsha","468","29140"
"19640","kannagi","513","29185"
"19642","gambanteinn","515","29187"
"19650","daka_+3","379","29051"
"19651","parazonium_+3","176","28848"
"19652","kila_+3","180","28852"
"19653","fusetto_+3","168","28840"
"19654","badelaire_+3","277","28949"
"19655","khanda_+3","283","28955"
"19656","shamshir_+3","253","28925"
"19657","machaera_+3","381","29053"
"19662","alards_axe_+3","82","28754"
"19663","richard._axe_+3","88","28760"
"19664","guichards_axe_+3","78","28750"
"19665","renauds_axe_+3","78","28750"
"19678","tobi_+3","313","28985"
"19679","enchu_+3","367","29039"
"19680","sekka_+3","312","28984"
"19681","uzura_+3","310","28982"
"19686","canne_de_cbt._+3","116","28788"
"19687","naboot_+3","103","28775"
"19688","hoeroa_+3","244","28916"
"19689","makhila_+3","111","28783"
"19712","yagrush","415","29087"
"19714","murgleis","420","29092"
"19715","vajra","422","29094"
"19716","burtgang","426","29098"
"19718","aymur","413","29085"
"19719","carnwenhan","427","29099"
"19722","nagi","421","29093"
"19725","tizona","419","29091"
"19728","terpsichore","428","29100"
"19747","mandau","334","29006"
"19748","excalibur","320","28992"
"19750","guttler","347","29019"
"19754","kikoku","344","29016"
"19756","mjollnir","307","28979"
"19788","gorkhali_kukri","172","28844"
"19789","mahakalis_kukri","172","28844"
"19806","twashtar","465","29137"
"19807","almace","466","29138"
"19809","farsha","468","29140"
"19813","kannagi","513","29185"
"19815","gambanteinn","515","29187"
"19821","yagrush","415","29087"
"19823","murgleis","420","29092"
"19824","vajra","422","29094"
"19825","burtgang","426","29098"
"19827","aymur","413","29085"
"19828","carnwenhan","427","29099"
"19831","nagi","421","29093"
"19834","tizona","419","29091"
"19837","terpsichore","428","29100"
"19840","mandau","544","29216"
"19841","excalibur","545","29217"
"19843","guttler","547","29219"
"19847","kikoku","551","29223"
"19849","mjollnir","553","29225"
"19854","twashtar","571","29243"
"19855","almace","572","29244"
"19857","farsha","574","29246"
"19861","kannagi","578","29250"
"19863","gambanteinn","580","29252"
"19871","khandroma","398","29070"
"19872","praxidikai","175","28847"
"19873","thokcha","180","28852"
"19874","centovente","168","28840"
"19875","brunello","275","28947"
"19876","khadga","283","28955"
"19877","shikargar","250","28922"
"19878","thibron","381","29053"
"19883","sacripante","81","28753"
"19884","ganelon","87","28759"
"19885","astolfo","84","28756"
"19886","fernagu","78","28750"
"19899","kasasagi","371","29043"
"19900","majimun","367","29039"
"19901","arisui","312","28984"
"19902","hitaki","310","28982"
"19907","rose_couverte","114","28786"
"19908","tahtib","102","28774"
"19909","tutunui","248","28920"
"19910","ukaldi","110","28782"
"19950","yagrush","556","29228"
"19952","murgleis","558","29230"
"19953","vajra","559","29231"
"19954","burtgang","560","29232"
"19956","aymur","562","29234"
"19957","carnwenhan","563","29235"
"19960","nagi","565","29237"
"19963","tizona","568","29240"
"19966","terpsichore","569","29241"
"20555","mandau","334","29006"
"20556","mandau","544","29216"
"20557","terpsichore","428","29100"
"20558","terpsichore","569","29241"
"20559","vajra","422","29094"
"20560","vajra","559","29231"
"20561","carnwenhan","427","29099"
"20562","carnwenhan","563","29235"
"20563","twashtar","465","29137"
"20564","twashtar","571","29243"
"20568","wind_knife_+1","785","29457"
"20569","esikuva","804","29476"
"20570","norgish_dagger","803","29475"
"20571","infiltrator","805","29477"
"20573","aern_dagger","826","29498"
"20574","aern_dagger_ii","892","29564"
"20576","qutrub_knife","831","29503"
"20577","chicken_knife_ii","784","29456"
"20578","wind_knife","785","29457"
"20579","skinflayer","430","29102"
"20580","kustawi","157","28829"
"20581","kustawi_+1","157","28829"
"20583","mandau","544","29216"
"20584","terpsichore","569","29241"
"20585","vajra","559","29231"
"20586","carnwenhan","563","29235"
"20587","twashtar","571","29243"
"20592","sangoma","758","29430"
"20594","aeneas","760","29432"
"20595","malevolence","541","29213"
"20596","taming_sari","628","29300"
"20597","enchufla","450","29122"
"20598","shijo","396","29068"
"20599","kali","517","29189"
"20600","nibiru_knife","732","29404"
"20601","blurred_knife","459","29131"
"20602","blurred_knife_+1","459","29131"
"20603","ternion_dagger","168","28840"
"20604","ternion_dagger_+1","168","28840"
"20605","odium","731","29403"
"20606","anathema_harpe","533","29205"
"20607","anathema_harpe_+1","533","29205"
"20608","jugo_kukri","171","28843"
"20609","jugo_kukri_+1","171","28843"
"20610","rhadamanthus","724","29396"
"20611","sangarius","287","28959"
"20612","sangarius_+1","287","28959"
"20613","pukulatmuj","268","28940"
"20614","pukulatmuj_+1","268","28940"
"20615","levante_dagger","166","28838"
"20616","ipetam","710","29382"
"20617","homestead_dagger","166","28838"
"20618","sandung","597","29269"
"20619","polyhymnia","450","29122"
"20620","sabebus","176","28848"
"20621","nanti_knife","180","28852"
"20622","nanti_knife_+1","180","28852"
"20623","leisilonu_+2","179","28851"
"20624","eminent_dagger","163","28835"
"20625","secespita","175","28847"
"20626","blitto_needle","163","28835"
"20627","surcoufs_jambiya","379","29051"
"20628","mindmeld_kris","346","29018"
"20629","legato_dagger","541","29213"
"20630","atoyac","615","29287"
"20631","khandroma_-1","398","29070"
"20632","vanir_knife","158","28830"
"20633","cama._dagger","628","29300"
"20634","leisilonu_+1","179","28851"
"20635","forefront_dagger","166","28838"
"20636","izhiikoh","615","29287"
"20637","aphotic_kukri","171","28843"
"20638","coalition_dirk","606","29278"
"20639","oxidant_baselard","170","28842"
"20640","nitric_baselard","170","28842"
"20641","leisilonu","179","28851"
"20642","tzustes_knife_+1","160","28832"
"20643","macoquetza","615","29287"
"20644","tzustes_knife","160","28832"
"20645","excalibur","320","28992"
"20646","excalibur","545","29217"
"20647","murgleis","420","29092"
"20648","murgleis","558","29230"
"20649","burtgang","426","29098"
"20650","burtgang","560","29232"
"20651","tizona","419","29091"
"20652","tizona","568","29240"
"20653","almace","466","29138"
"20654","almace","572","29244"
"20665","kamlanauts_sword","807","29479"
"20666","blizzard_brand","782","29454"
"20667","blizzard_brand_+1","782","29454"
"20668","firetongue","783","29455"
"20669","firetongue_+1","783","29455"
"20672","ice_brand","782","29454"
"20673","flametongue","783","29455"
"20674","aern_sword","825","29497"
"20675","aern_sword_ii","891","29563"
"20677","colada","390","29062"
"20678","firangi","445","29117"
"20679","tanmogayi","358","29030"
"20680","tanmogayi_+1","358","29030"
"20681","flyssa","399","29071"
"20682","flyssa_+1","399","29071"
"20683","zantetsuken","404","29076"
"20685","excalibur","545","29217"
"20686","murgleis","558","29230"
"20687","burtgang","560","29232"
"20688","tizona","568","29240"
"20689","almace","572","29244"
"20690","reikiko","771","29443"
"20694","fermion_sword","756","29428"
"20695","sequence","761","29433"
"20696","combuster","278","28950"
"20697","combuster_+1","278","28950"
"20698","fettering_blade","757","29429"
"20699","koboto","259","28931"
"20700","nixxer","399","29071"
"20701","iris","431","29103"
"20702","emissary","250","28922"
"20703","deacon_saber","584","29256"
"20704","deacon_sword","585","29257"
"20705","brilliance","750","29422"
"20706","vampirism","752","29424"
"20707","medeina_kilij","402","29074"
"20708","demersal_degen","185","28857"
"20709","demers._degen_+1","185","28857"
"20710","nibiru_blade","733","29405"
"20711","blurred_sword","460","29132"
"20712","blurred_sword_+1","460","29132"
"20713","excalipoor","729","29401"
"20714","excalipoor_ii","729","29401"
"20715","acclimator","725","29397"
"20716","perfervid_sword","255","28927"
"20717","arendsi_fleuret","192","28864"
"20718","claidheamh_soluis","711","29383"
"20719","homestead_blade","262","28934"
"20720","egeking","254","28926"
"20721","mimesis","282","28954"
"20722","usonmunku","267","28939"
"20723","dija_sword","267","28939"
"20724","dija_sword_+1","267","28939"
"20725","iztaasu_+2","518","29190"
"20726","eminent_scimitar","258","28930"
"20727","tabahi_fleuret","192","28864"
"20728","kheshig_blade","281","28953"
"20729","vivifiante","286","28958"
"20730","predatrice","384","29056"
"20731","xiutleato","616","29288"
"20732","brunello_-1","275","28947"
"20733","anahera_saber","584","29256"
"20734","anahera_sword","585","29257"
"20735","cama._blade","629","29301"
"20736","iztaasu_+1","518","29190"
"20737","forefront_blade","262","28934"
"20738","buramenkah","616","29288"
"20739","halachuinic_sword","284","28956"
"20740","camatlatia","616","29288"
"20741","coalition_blade","607","29279"
"20742","iztaasu","518","29190"
"20743","bihkah_sword_+1","270","28942"
"20744","bihkah_sword","270","28942"
"20790","guttler","347","29019"
"20791","guttler","547","29219"
"20792","aymur","413","29085"
"20793","aymur","562","29234"
"20794","farsha","468","29140"
"20795","farsha","574","29246"
"20796","purgation","387","29059"
"20797","skullrender","591","29263"
"20798","deacon_tabar","587","29259"
"20799","mdomo_axe","353","29025"
"20800","mdomo_axe_+1","353","29025"
"20801","nibiru_tabar","735","29407"
"20802","blurred_axe","743","29415"
"20803","blurred_axe_+1","743","29415"
"20804","perun","91","28763"
"20805","perun_+1","91","28763"
"20806","buramgh","83","28755"
"20807","buramgh_+1","83","28755"
"20808","tramontane_axe","81","28753"
"20809","kumbhakarna","713","29385"
"20810","homestead_axe","83","28755"
"20811","arktoi","600","29272"
"20812","izizoeksi","621","29293"
"20813","emxgha","87","28759"
"20814","budliqa","90","28762"
"20815","budliqa_+1","90","28762"
"20816","faizzeer_+2","387","29059"
"20817","eminent_axe","82","28754"
"20818","hurlbat","91","28763"
"20819","antican_axe","82","28754"
"20820","hatxiik","617","29289"
"20821","sacripante_-1","81","28753"
"20822","anahera_tabar","587","29259"
"20823","cama._axe","631","29303"
"20824","faizzeer_+1","387","29059"
"20825","forefront_axe","83","28755"
"20826","hunahpu","621","29293"
"20827","kerehcatl","617","29289"
"20828","brethren_axe","91","28763"
"20829","icoyoca","617","29289"
"20830","coalition_axe","609","29281"
"20831","aalak_axe","84","28756"
"20832","aalak_axe_+1","84","28756"
"20833","faizzeer","387","29059"
"20970","kikoku","344","29016"
"20971","kikoku","551","29223"
"20972","nagi","421","29093"
"20973","nagi","565","29237"
"20974","kannagi","513","29185"
"20975","kannagi","578","29250"
"20977","heishi_shorinken","767","29439"
"20978","ochu","613","29285"
"20979","aizushintogo","439","29111"
"20980","raicho","400","29072"
"20981","raicho_+1","400","29072"
"20982","shuhansadamune","522","29194"
"20983","mijin","732","29404"
"20984","kujaku","746","29418"
"20985","kujaku_+1","746","29418"
"20986","achiuchikapu","727","29399"
"20987","tancho","312","28984"
"20988","tancho_+1","312","28984"
"20989","izuna","717","29389"
"20990","jushimatsu","709","29381"
"20991","chidori","309","28981"
"20992","taikogane","709","29381"
"20993","senkutanto","613","29285"
"20994","shigi","605","29277"
"20995","isuka","312","28984"
"20996","kannakiri_+2","447","29119"
"20997","raimitsukane","313","28985"
"20998","kaitsuburi","394","29066"
"20999","habukatana","310","28982"
"21000","magorokuhocho","309","28981"
"21001","kasasagi_-1","313","28985"
"21003","cama._katana","310","28982"
"21004","kannakiri_+1","447","29119"
"21005","kiji","314","28986"
"21006","pamun","367","29039"
"21007","pamun_+1","367","29039"
"21008","kotekirigo","312","28984"
"21009","nakajimarai","310","28982"
"21010","nakajimarai_+1","310","28982"
"21011","enju","313","28985"
"21012","enju_+1","313","28985"
"21013","kannakiri","447","29119"
"21014","ichijintanto","613","29285"
"21060","mjollnir","307","28979"
"21061","mjollnir","553","29225"
"21062","yagrush","415","29087"
"21063","yagrush","556","29228"
"21064","gambanteinn","515","29187"
"21065","gambanteinn","580","29252"
"21066","trial_wand","633","29305"
"21067","nodal_wand","633","29305"
"21068","nodal_wand","633","29305"
"21069","nodal_wand","633","29305"
"21070","idris","707","29379"
"21071","cath_palug_hammer","860","29532"
"21072","gada","437","29109"
"21073","izcalli","115","28787"
"21074","kupo_rod","374","29046"
"21075","septoptic","359","29031"
"21076","septoptic_+1","359","29031"
"21077","mjollnir","553","29225"
"21078","yagrush","556","29228"
"21079","gambanteinn","580","29252"
"21080","idris","707","29379"
"21082","tishtrya","769","29441"
"21083","sucellus","336","29008"
"21084","queller_rod","240","28912"
"21085","solstice","599","29271"
"21086","heartstopper","755","29427"
"21087","heartstopper_+1","755","29427"
"21088","divinity","751","29423"
"21089","rubicundity","753","29425"
"21090","loxotic_mace","103","28775"
"21091","loxotic_mace_+1","103","28775"
"21092","nibiru_cudgel","741","29413"
"21093","blurred_rod","748","29420"
"21094","blurred_rod_+1","748","29420"
"21095","heartbeater","728","29400"
"21096","heartbeater_+1","728","29400"
"21097","leafkin_bopper","723","29395"
"21098","leafkin_bopper_+1","723","29395"
"21099","magesmasher","113","28785"
"21100","magesmasher_+1","113","28785"
"21101","herkuleskeule","360","29032"
"21102","mafic_cudgel","100","28772"
"21103","vadose_rod","221","28893"
"21104","eosuchus_club","110","28782"
"21105","nehushtan","719","29391"
"21107","kyuka_uchiwa","708","29380"
"21108","kyuka_uchiwa_+1","708","29380"
"21109","homestead_wand","232","28904"
"21110","sindri","112","28784"
"21111","bolelabunga","627","29299"
"21112","gabaxorea","226","28898"
"21113","p._sprig._club","637","29309"
"21114","r._sprig._club","635","29307"
"21115","aedold_+2","446","29118"
"21116","cagliostros_rod","240","28912"
"21117","hagoita","397","29069"
"21118","g._spriggan_club","636","29308"
"21119","eminent_wand","228","28900"
"21120","patriarch_cane","241","28913"
"21121","rose_couverte_-1","114","28786"
"21122","mesyohi_rod","220","28892"
"21123","cama._wand","611","29283"
"21124","dowsers_wand","248","28920"
"21125","tamaxchi","627","29299"
"21126","aedold_+1","446","29118"
"21127","forefront_wand","232","28904"
"21128","mondaha_cudgel","101","28773"
"21129","sharur","360","29032"
"21130","sharur_+1","360","29032"
"21131","coalition_rod","611","29283"
"21132","aedold","446","29118"
"21133","sasah_wand_+1","379","29051"
"21134","sasah_wand","379","29051"
"21554","arasy_knife","157","28829"
"21555","arasy_knife_+1","157","28829"
"21556","beryllium_kris","346","29018"
"21557","beryllium_kris_+1","346","29018"
"21558","rune_kris","346","29018"
"21559","raetic_kris","346","29018"
"21560","raetic_kris_+1","346","29018"
"21561","tokko_knife","158","28830"
"21562","ajja_knife","157","28829"
"21563","eletta_knife","724","29396"
"21564","kaja_knife","836","29508"
"21565","tauret","847","29519"
"21566","voluspa_knife","158","28830"
"21567","gletis_knife","513","29185"
"21568","acrontica","615","29287"
"21569","chocobo_knife","784","29456"
"21570","air_knife","785","29457"
"21573","assassins_knife","157","28829"
"21574","plun._knife","157","28829"
"21575","gandring","814","29486"
"21576","bards_knife","157","28829"
"21577","bihu_knife","157","28829"
"21578","barfawc","814","29486"
"21579","comm._knife","157","28829"
"21580","lanun_knife","157","28829"
"21581","rostam","814","29486"
"21582","etoile_knife","157","28829"
"21583","horos_knife","157","28829"
"21584","setan_kober","814","29486"
"21585","crepuscular_knife","527","29199"
"21586","prime_dagger","168","28840"
"21587","mpu_gandring","544","29216"
"21588","mpu_gandring","544","29216"
"21589","mpu_gandring","544","29216"
"21590","mpu_gandring","544","29216"
"21604","arasy_sword","278","28950"
"21605","arasy_sword_+1","278","28950"
"21606","enriching_sword","250","28922"
"21607","enr._sword_+1","250","28922"
"21608","onion_sword_ii","787","29459"
"21609","save_the_queen_ii","790","29462"
"21610","hepatizon_rapier","187","28859"
"21611","hep._rapier_+1","187","28859"
"21612","raetic_blade","254","28926"
"21613","raetic_blade_+1","254","28926"
"21614","hepatizon_sapara","255","28927"
"21615","hep._sapara_+1","255","28927"
"21617","tokko_sword","267","28939"
"21618","ajja_sword","272","28944"
"21619","eletta_sword","288","28960"
"21620","kaja_sword","837","29509"
"21621","naegling","848","29520"
"21622","voluspa_sword","275","28947"
"21623","twinned_blade","873","29545"
"21625","duelists_sword","278","28950"
"21626","vitiation_sword","278","28950"
"21627","crocea_mors","819","29491"
"21628","valor_sword","278","28950"
"21629","cabal._sword","278","28950"
"21630","moralltach","819","29491"
"21631","mirage_sword","278","28950"
"21632","luhlaza_sword","278","28950"
"21633","zomorrodnegar","819","29491"
"21635","malignance_sword","280","28952"
"21636","nihility","886","29558"
"21637","sakpatas_sword","879","29551"
"21638","extinction","887","29559"
"21640","onion_sword_iii","787","29459"
"21641","save_the_queen_iii","790","29462"
"21642","prime_sword","267","28939"
"21643","caliburnus","545","29217"
"21644","caliburnus","545","29217"
"21645","caliburnus","545","29217"
"21646","caliburnus","545","29217"
"21649","helheim","546","29218"
"21650","prime_blade","65","28737"
"21651","helheim","546","29218"
"21652","helheim","546","29218"
"21653","helheim","546","29218"
"21704","arasy_tabar","81","28753"
"21705","arasy_tabar_+1","81","28753"
"21706","barbarity","91","28763"
"21707","barbarity_+1","91","28763"
"21708","beryllium_pick","87","28759"
"21709","beryllium_pick_+1","87","28759"
"21710","raetic_axe","85","28757"
"21711","raetic_axe_+1","85","28757"
"21712","voluspa_axe","87","28759"
"21715","monster_axe","81","28753"
"21716","ankusa_axe","81","28753"
"21717","pangu","811","29483"
"21718","tokko_axe","82","28754"
"21719","ajja_axe","81","28753"
"21720","eletta_axe","591","29263"
"21721","kaja_axe","850","29522"
"21722","dolichenus","850","29522"
"21723","ikengas_axe","874","29546"
"21724","agwus_axe","882","29554"
"21725","malefic_axe","793","29465"
"21726","prime_pickaxe","87","28759"
"21727","spalirisos","547","29219"
"21728","spalirisos","547","29219"
"21729","spalirisos","547","29219"
"21730","spalirisos","547","29219"
"21741","demonic_axe","793","29465"
"21742","aern_axe","827","29499"
"21743","aern_axe_ii","893","29565"
"21744","gramks_axe","830","29502"
"21745","dullahan_axe","858","29530"
"21746","digirbalag","82","28754"
"21747","freydis","519","29191"
"21748","habilitator","387","29059"
"21749","habilitator_+1","387","29059"
"21750","guttler","547","29219"
"21751","aymur","562","29234"
"21752","farsha","574","29246"
"21753","tri-edge","763","29435"
"21904","kanaria","371","29043"
"21905","taka","605","29277"
"21906","kikoku","551","29223"
"21907","nagi","565","29237"
"21908","kannagi","578","29250"
"21909","yoshikiri","400","29072"
"21910","yoshikiri_+1","400","29072"
"21912","voluspa_katana","313","28985"
"21915","koga_shin.","313","28985"
"21916","mochi._shin.","313","28985"
"21917","fudo_masamune","816","29488"
"21918","tokko_katana","313","28985"
"21919","ajja_katana","309","28981"
"21920","eletta_katana","400","29072"
"21921","kaja_katana","843","29515"
"21922","gokotai","843","29515"
"21923","debahocho","312","28984"
"21924","debahocho_+1","312","28984"
"21925","kunimitsu","876","29548"
"21926","tsuru","312","28984"
"21927","yagyu_darkblade","789","29461"
"21928","genshitanto","314","28986"
"21929","dokoku","551","29223"
"21930","dokoku","551","29223"
"21931","dokoku","551","29223"
"21932","dokoku","551","29223"
"21998","lorg_mor","553","29225"
"21999","prime_maul","112","28784"
"22000","lorg_mor","553","29225"
"22001","lorg_mor","553","29225"
"22002","lorg_mor","553","29225"
"22004","soulflayers_wand","823","29495"
"22005","burrowers_wand","823","29495"
"22006","voluspa_hammer","112","28784"
"22015","arasy_rod","218","28890"
"22016","arasy_rod_+1","218","28890"
"22017","seika_uchiwa","798","29470"
"22018","seika_uchiwa_+1","798","29470"
"22019","jingly_rod","801","29473"
"22020","jingly_rod_+1","801","29473"
"22021","ames","229","28901"
"22022","ames_+1","229","28901"
"22023","beryllium_mace","103","28775"
"22024","beryllium_mace_+1","103","28775"
"22025","raetic_rod","336","29008"
"22026","raetic_rod_+1","336","29008"
"22027","tokko_rod","219","28891"
"22028","ajja_rod","218","28890"
"22029","eletta_rod","240","28912"
"22030","kaja_rod","845","29517"
"22031","maxentius","845","29517"
"22032","thunder_hammer","896","29568"
"22033","clerics_wand","218","28890"
"22034","piety_wand","218","28890"
"22035","asclepius","818","29490"
"22036","bagua_wand","218","28890"
"22037","sifang_wand","218","28890"
"22038","bhima","818","29490"
"22039","floral_hagoita","835","29507"
"22040","daybreak","532","29204"
"22041","bunzis_rod","884","29556"
"22042","wizards_rod","845","29517"
"22043","apkallu_scepter","897","29569"
"22044","tengu_war_fan","899","29571"
"22045","feline_hagoita","835","29507"
"22046","feline_hagoita_+1","835","29507"
"22047","korrigan_mallet","539","29211"
"22048","adenium_mallet","540","29212"
"22049","citrullus_mallet","865","29537"
"22050","chac-chacs","723","29395"
"22051","lycopodium_mallet","540","29212"
"22052","summer_uchiwa","798","29470"
"26400","culminus","657","29329"
"26401","forfend","45","28717"
"26402","forfend_+1","45","28717"
"26403","srivatsa","658","29330"
"26406","kupo_shield","56","28728"
"26409","dullahan_shield","669","29341"
"26410","diamond_buckler","659","29331"
"26412","kamalanauts_shield","668","29340"
"26413","voluspa_shield","30","28702"
"26414","twinned_shield","672","29344"
"26419","ammurapi_shield","42","28714"
"26420","adapa_shield","29","28701"
"26421","nusku_shield","46","28718"
"26423","joiners_aspis","41","28713"
"26424","joiners_ecu","46","28718"
"26425","joiners_scutum","33","28705"
"26426","joiners_shield","41","28713"
"26427","jo._escutcheon","660","29332"
"26428","smythes_aspis","41","28713"
"26429","smythes_ecu","46","28718"
"26430","smythes_scutum","33","28705"
"26431","smythes_shield","25","28697"
"26432","sm._escutcheon","661","29333"
"26433","toreutic_aspis","41","28713"
"26434","toreutic_ecu","46","28718"
"26435","toreutic_scutum","33","28705"
"26436","toreutic_shield","25","28697"
"26437","tr._escutcheon","662","29334"
"26438","plaiters_aspis","41","28713"
"26439","plaiters_ecu","46","28718"
"26440","plaiters_scutum","33","28705"
"26441","plaiters_shield","25","28697"
"26442","pl._escutcheon","663","29335"
"26443","bevelers_aspis","41","28713"
"26444","bevelers_ecu","46","28718"
"26445","bevelers_scutum","33","28705"
"26446","bevelers_shield","25","28697"
"26447","bv._escutcheon","664","29336"
"26448","ossifiers_aspis","41","28713"
"26449","ossifiers_ecu","46","28718"
"26450","ossifiers_scutum","33","28705"
"26451","ossifiers_shield","25","28697"
"26452","os._escutcheon","665","29337"
"26453","brewers_aspis","41","28713"
"26454","brewers_ecu","46","28718"
"26455","brewers_scutum","33","28705"
"26456","brewers_shield","25","28697"
"26457","br._escutcheon","666","29338"
"26458","chefs_aspis","41","28713"
"26459","chefs_ecu","46","28718"
"26460","chefs_scutum","33","28705"
"26461","chefs_shield","25","28697"
"26462","chefs_escutcheon","667","29339"
"26463","joiners_ecu_-1","46","28718"
"26464","jo._scutum_-1","33","28705"
"26465","joiners_shield_-1","25","28697"
"26466","smythes_ecu_-1","46","28718"
"26467","sm._scutum_-1","33","28705"
"26468","smythes_shield_-1","25","28697"
"26469","toreutic_ecu_-1","46","28718"
"26470","toreutic_scutum_-1","33","28705"
"26471","toreutic_shield_-1","25","28697"
"26472","plaiters_ecu_-1","46","28718"
"26473","pl._scutum_-1","33","28705"
"26474","plaiters_shield_-1","25","28697"
"26475","bevelers_ecu_-1","46","28718"
"26476","bev._scutum_-1","33","28705"
"26477","bevelers_shield_-1","25","28697"
"26478","ossifiers_ecu_-1","46","28718"
"26479","os._scutum_-1","33","28705"
"26480","ossifiers_shield_-1","25","28697"
"26481","brewers_ecu_-1","46","28718"
"26482","br._scutum_-1","33","28705"
"26483","brewers_shield_-1","25","28697"
"26484","chefs_ecu_-1","46","28718"
"26485","chefs_scutum_-1","33","28705"
"26486","chefs_shield_-1","25","28697"
"27623","jody_shield","670","29342"
"27624","homestead_shield","25","28697"
"27625","morbol_shield","652","29324"
"27626","cassies_shield","652","29324"
"27627","svalinn","653","29325"
"27629","weather._shield_+1","47","28719"
"27630","thuellaic_ecu_+1","46","28718"
"27631","cait_sith_guard","654","29326"
"27632","cait_sith_gua._+1","654","29326"
"27633","thorfinn_shield","40","28712"
"27634","thorfinn_shield_+1","40","28712"
"27635","chanters_shield","37","28709"
"27636","evalach","41","28713"
"27637","evalach_+1","41","28713"
"27638","ajax","50","28722"
"27639","ajax_+1","50","28722"
"27640","deliverance","38","28710"
"27641","deliverance_+1","38","28710"
"27642","nibiru_shield","655","29327"
"27643","blurred_shield","656","29328"
"27644","blurred_shield_+1","656","29328"
"27645","genmei_shield","31","28703"
"28648","priwen","58","28730"
"28649","rinda_shield","30","28702"
"28650","she-slime_shield","649","29321"
"28651","metal_slime_shield","650","29322"
"28652","hatchling_shield","651","29323"
"28653","mundus_shield","644","29316"
"28654","beatific_shield_+1","646","29318"
"28655","slime_shield","648","29320"
"28656","eminent_shield","25","28697"
"28657","kaidate","32","28704"
"28658","sors_shield","36","28708"
"28659","cama._shield","647","29319"
"28660","huactzin_shield","25","28697"
"28661","glinting_shield","646","29318"
"28662","beatific_shield","646","29318"
"28663","steadfast_shield","25","28697"
"28664","killedar_shield","50","28722"
"28665","killedar_shield_+1","50","28722"
"28666","coalition_shield","640","29312"
"28667","matamata_shield","31","28703"
"28668","matamata_shield_+1","31","28703"
"28669","butznar_shield_+1","25","28697"
"28670","leafkin_shield","641","29313"
"28671","butznar_shield","25","28697"
